{
    "name": "root",
    "gauges": {
        "TestBehavior.Policy.Entropy.mean": {
            "value": 1.4160923957824707,
            "min": 1.4160923957824707,
            "max": 1.4160923957824707,
            "count": 1
        },
        "TestBehavior.Policy.Entropy.sum": {
            "value": 71710.921875,
            "min": 71710.921875,
            "max": 71710.921875,
            "count": 1
        },
        "TestBehavior.Environment.EpisodeLength.mean": {
            "value": 60.284132841328415,
            "min": 60.284132841328415,
            "max": 60.284132841328415,
            "count": 1
        },
        "TestBehavior.Environment.EpisodeLength.sum": {
            "value": 49011.0,
            "min": 49011.0,
            "max": 49011.0,
            "count": 1
        },
        "TestBehavior.Step.mean": {
            "value": 49952.0,
            "min": 49952.0,
            "max": 49952.0,
            "count": 1
        },
        "TestBehavior.Step.sum": {
            "value": 49952.0,
            "min": 49952.0,
            "max": 49952.0,
            "count": 1
        },
        "TestBehavior.Policy.ExtrinsicValueEstimate.mean": {
            "value": -6.298433780670166,
            "min": -6.298433780670166,
            "max": -6.298433780670166,
            "count": 1
        },
        "TestBehavior.Policy.ExtrinsicValueEstimate.sum": {
            "value": -6783.4130859375,
            "min": -6783.4130859375,
            "max": -6783.4130859375,
            "count": 1
        },
        "TestBehavior.Environment.CumulativeReward.mean": {
            "value": -9.85239852398524,
            "min": -9.85239852398524,
            "max": -9.85239852398524,
            "count": 1
        },
        "TestBehavior.Environment.CumulativeReward.sum": {
            "value": -8010.0,
            "min": -8010.0,
            "max": -8010.0,
            "count": 1
        },
        "TestBehavior.Policy.ExtrinsicReward.mean": {
            "value": -9.85239852398524,
            "min": -9.85239852398524,
            "max": -9.85239852398524,
            "count": 1
        },
        "TestBehavior.Policy.ExtrinsicReward.sum": {
            "value": -8010.0,
            "min": -8010.0,
            "max": -8010.0,
            "count": 1
        },
        "TestBehavior.Losses.PolicyLoss.mean": {
            "value": 0.026101436715301435,
            "min": 0.026101436715301435,
            "max": 0.026101436715301435,
            "count": 1
        },
        "TestBehavior.Losses.PolicyLoss.sum": {
            "value": 0.10440574686120574,
            "min": 0.10440574686120574,
            "max": 0.10440574686120574,
            "count": 1
        },
        "TestBehavior.Losses.ValueLoss.mean": {
            "value": 0.8941597563525041,
            "min": 0.8941597563525041,
            "max": 0.8941597563525041,
            "count": 1
        },
        "TestBehavior.Losses.ValueLoss.sum": {
            "value": 3.5766390254100164,
            "min": 3.5766390254100164,
            "max": 3.5766390254100164,
            "count": 1
        },
        "TestBehavior.Policy.LearningRate.mean": {
            "value": 0.00028462065512645,
            "min": 0.00028462065512645,
            "max": 0.00028462065512645,
            "count": 1
        },
        "TestBehavior.Policy.LearningRate.sum": {
            "value": 0.0011384826205058,
            "min": 0.0011384826205058,
            "max": 0.0011384826205058,
            "count": 1
        },
        "TestBehavior.Policy.Epsilon.mean": {
            "value": 0.19487354999999998,
            "min": 0.19487354999999998,
            "max": 0.19487354999999998,
            "count": 1
        },
        "TestBehavior.Policy.Epsilon.sum": {
            "value": 0.7794941999999999,
            "min": 0.7794941999999999,
            "max": 0.7794941999999999,
            "count": 1
        },
        "TestBehavior.Policy.Beta.mean": {
            "value": 0.0047441901449999995,
            "min": 0.0047441901449999995,
            "max": 0.0047441901449999995,
            "count": 1
        },
        "TestBehavior.Policy.Beta.sum": {
            "value": 0.018976760579999998,
            "min": 0.018976760579999998,
            "max": 0.018976760579999998,
            "count": 1
        },
        "TestBehavior.IsTraining.mean": {
            "value": 1.0,
            "min": 1.0,
            "max": 1.0,
            "count": 1
        },
        "TestBehavior.IsTraining.sum": {
            "value": 1.0,
            "min": 1.0,
            "max": 1.0,
            "count": 1
        }
    },
    "metadata": {
        "timer_format_version": "0.1.0",
        "start_time_seconds": "1697746282",
        "python_version": "3.9.13 (tags/v3.9.13:6de2ca5, May 17 2022, 16:36:42) [MSC v.1929 64 bit (AMD64)]",
        "command_line_arguments": "C:\\Users\\nikol\\Unity_Projects\\MlAgents\\venv\\Scripts\\mlagents-learn --run-id=newTestNico5",
        "mlagents_version": "0.30.0",
        "mlagents_envs_version": "0.30.0",
        "communication_protocol_version": "1.5.0",
        "pytorch_version": "2.1.0+cpu",
        "numpy_version": "1.21.2",
        "end_time_seconds": "1697746396"
    },
    "total": 114.3497825,
    "count": 1,
    "self": 10.0056309,
    "children": {
        "run_training.setup": {
            "total": 0.02414380000000005,
            "count": 1,
            "self": 0.02414380000000005
        },
        "TrainerController.start_learning": {
            "total": 104.3200078,
            "count": 1,
            "self": 0.17431360000021812,
            "children": {
                "TrainerController._reset_env": {
                    "total": 6.1747572,
                    "count": 1,
                    "self": 6.1747572
                },
                "TrainerController.advance": {
                    "total": 97.90403099999978,
                    "count": 9606,
                    "self": 0.17450780000029908,
                    "children": {
                        "env_step": {
                            "total": 79.83602949999916,
                            "count": 9606,
                            "self": 73.91059759999858,
                            "children": {
                                "SubprocessEnvManager._take_step": {
                                    "total": 5.813944500000433,
                                    "count": 9607,
                                    "self": 0.4501658000003772,
                                    "children": {
                                        "TorchPolicy.evaluate": {
                                            "total": 5.363778700000056,
                                            "count": 8742,
                                            "self": 5.363778700000056
                                        }
                                    }
                                },
                                "workers": {
                                    "total": 0.11148740000013824,
                                    "count": 9605,
                                    "self": 0.0,
                                    "children": {
                                        "worker_root": {
                                            "total": 76.3216279,
                                            "count": 9605,
                                            "is_parallel": true,
                                            "self": 33.143967599999634,
                                            "children": {
                                                "steps_from_proto": {
                                                    "total": 0.0010428999999989585,
                                                    "count": 2,
                                                    "is_parallel": true,
                                                    "self": 0.0002482000000032514,