{
    "name": "root",
    "gauges": {
        "Car3.Policy.Entropy.mean": {
            "value": 1.3512593507766724,
            "min": 1.3512593507766724,
            "max": 1.4161688089370728,
            "count": 10
        },
        "Car3.Policy.Entropy.sum": {
            "value": 67792.6796875,
            "min": 66974.1875,
            "max": 71658.140625,
            "count": 10
        },
        "Car3.Step.mean": {
            "value": 499970.0,
            "min": 49960.0,
            "max": 499970.0,
            "count": 10
        },
        "Car3.Step.sum": {
            "value": 499970.0,
            "min": 49960.0,
            "max": 499970.0,
            "count": 10
        },
        "Car3.Policy.ExtrinsicValueEstimate.mean": {
            "value": 48.8646125793457,
            "min": 0.04908336326479912,
            "max": 48.8646125793457,
            "count": 10
        },
        "Car3.Policy.ExtrinsicValueEstimate.sum": {
            "value": 41388.328125,
            "min": 38.775856018066406,
            "max": 42159.625,
            "count": 10
        },
        "Car3.Losses.PolicyLoss.mean": {
            "value": 0.022966694000545733,
            "min": 0.02180215774996517,
            "max": 0.029395200039289197,
            "count": 10
        },
        "Car3.Losses.PolicyLoss.sum": {
            "value": 0.11483347000272867,
            "min": 0.09356618032810124,
            "max": 0.129716239160598,
            "count": 10
        },
        "Car3.Losses.ValueLoss.mean": {
            "value": 25.58438588460286,
            "min": 0.10777541011727104,
            "max": 60.96260948181152,
            "count": 10
        },
        "Car3.Losses.ValueLoss.sum": {
            "value": 127.9219294230143,
            "min": 0.43110164046908417,
            "max": 253.05092913309733,
            "count": 10
        },
        "Car3.Policy.LearningRate.mean": {
            "value": 1.3718495427200007e-05,
            "min": 1.3718495427200007e-05,
            "max": 0.000283806005398,
            "count": 10
        },
        "Car3.Policy.LearningRate.sum": {
            "value": 6.859247713600003e-05,
            "min": 6.859247713600003e-05,
            "max": 0.0012754320748559998,
            "count": 10
        },
        "Car3.Policy.Epsilon.mean": {
            "value": 0.1045728,
            "min": 0.1045728,
            "max": 0.194602,
            "count": 10
        },
        "Car3.Policy.Epsilon.sum": {
            "value": 0.522864,
            "min": 0.49948800000000015,
            "max": 0.925144,
            "count": 10
        },
        "Car3.Policy.Beta.mean": {
            "value": 0.00023818272000000014,
            "min": 0.00023818272000000014,
            "max": 0.0047306398,
            "count": 10
        },
        "Car3.Policy.Beta.sum": {
            "value": 0.0011909136000000007,
            "min": 0.0011909136000000007,
            "max": 0.0212646856,
            "count": 10
        },
        "Car3.Environment.EpisodeLength.mean": {
            "value": 61.7125,
            "min": 61.7125,
            "max": 1200.0,
            "count": 10
        },
        "Car3.Environment.EpisodeLength.sum": {
            "value": 49370.0,
            "min": 48000.0,
            "max": 51190.0,
            "count": 10
        },
        "Car3.Environment.CumulativeReward.mean": {
            "value": 107.85843437319268,
            "min": 23.342952728271484,
            "max": 107.85843437319268,
            "count": 10
        },
        "Car3.Environment.CumulativeReward.sum": {
            "value": 85963.17219543457,
            "min": 933.7181091308594,
            "max": 85963.17219543457,
            "count": 10
        },
        "Car3.Policy.ExtrinsicReward.mean": {
            "value": 107.85843437319268,
            "min": 23.342952728271484,
            "max": 107.85843437319268,
            "count": 10
        },
        "Car3.Policy.ExtrinsicReward.sum": {
            "value": 85963.17219543457,
            "min": 933.7181091308594,
            "max": 85963.17219543457,
            "count": 10
        },
        "Car3.IsTraining.mean": {
            "value": 1.0,
            "min": 1.0,
            "max": 1.0,
            "count": 10
        },
        "Car3.IsTraining.sum": {
            "value": 1.0,
            "min": 1.0,
            "max": 1.0,
            "count": 10
        }
    },
    "metadata": {
        "timer_format_version": "0.1.0",
        "start_time_seconds": "1701685952",
        "python_version": "3.9.13 (tags/v3.9.13:6de2ca5, May 17 2022, 16:36:42) [MSC v.1929 64 bit (AMD64)]",
        "command_line_arguments": "C:\\Users\\nikol\\Unity_Projects\\MlAgents\\venv\\Scripts\\mlagents-learn --run-id=EpisodeTesting",
        "mlagents_version": "0.30.0",
        "mlagents_envs_version": "0.30.0",
        "communication_protocol_version": "1.5.0",
        "pytorch_version": "2.1.0+cpu",
        "numpy_version": "1.21.2",
        "end_time_seconds": "1701686361"
    },
    "total": 409.0356236,
    "count": 1,
    "self": 0.006731200000047011,
    "children": {
        "run_training.setup": {
            "total": 0.023068100000000147,
            "count": 1,
            "self": 0.023068100000000147
        },
        "TrainerController.start_learning": {
            "total": 409.0058243,
            "count": 1,
            "self": 0.882045300000982,
            "children": {
                "TrainerController._reset_env": {
                    "total": 7.3786778,
                    "count": 1,
                    "self": 7.3786778
                },
                "TrainerController.advance": {
                    "total": 400.713061899999,
                    "count": 50620,
                    "self": 0.7687418000032835,
                    "children": {
                        "env_step": {
                            "total": 315.10566429999653,
                            "count": 50620,
                            "self": 281.07329889999284,
                            "children": {
                                "SubprocessEnvManager._take_step": {
                                    "total": 33.46950940000701,
                                    "count": 50620,
                                    "self": 3.4138134000133533,
                                    "children": {
                                        "TorchPolicy.evaluate": {
                                            "total": 30.05569599999366,
                                            "count": 50021,
                                            "self": 30.05569599999366
                                        }
                                    }
                                },
                                "workers": {
                                    "total": 0.5628559999966622,
                                    "count": 50620,
                                    "self": 0.0,
                                    "children": {
                                        "worker_root": {
                                            "total": 400.598935700007,
                                            "count": 50620,
                                            "is_parallel": true,
                                            "self": 164.38791659999774,
                                            "children": {
                                                "steps_from_proto": {
                                                    "total": 0.00038319999999991694,
                                                    "count": 1,
                                                    "is_parallel": true,
                                                    "self": 0.00011119999999920083,