{
    "name": "root",
    "gauges": {
        "MyBehavior.Policy.Entropy.mean": {
            "value": 1.4094781875610352,
            "min": 1.4094781875610352,
            "max": 1.4206055402755737,
            "count": 8
        },
        "MyBehavior.Policy.Entropy.sum": {
            "value": 70417.53125,
            "min": 70417.53125,
            "max": 71470.6640625,
            "count": 8
        },
        "MyBehavior.Step.mean": {
            "value": 399997.0,
            "min": 49989.0,
            "max": 399997.0,
            "count": 8
        },
        "MyBehavior.Step.sum": {
            "value": 399997.0,
            "min": 49989.0,
            "max": 399997.0,
            "count": 8
        },
        "MyBehavior.Policy.ExtrinsicValueEstimate.mean": {
            "value": -0.11636809259653091,
            "min": -0.11636809259653091,
            "max": 12.094921112060547,
            "count": 8
        },
        "MyBehavior.Policy.ExtrinsicValueEstimate.sum": {
            "value": -90.99984741210938,
            "min": -90.99984741210938,
            "max": 9518.703125,
            "count": 8
        },
        "MyBehavior.Losses.PolicyLoss.mean": {
            "value": 0.025649184874394753,
            "min": 0.02076044454724373,
            "max": 0.025838898151899534,
            "count": 8
        },
        "MyBehavior.Losses.PolicyLoss.sum": {
            "value": 0.12824592437197377,
            "min": 0.09409272295209423,
            "max": 0.1287779507241794,
            "count": 8
        },
        "MyBehavior.Losses.ValueLoss.mean": {
            "value": 0.06703683266357983,
            "min": 0.06703683266357983,
            "max": 1.4928507057329017,
            "count": 8
        },
        "MyBehavior.Losses.ValueLoss.sum": {
            "value": 0.3351841633178992,
            "min": 0.3351841633178992,
            "max": 5.971402822931607,
            "count": 8
        },
        "MyBehavior.Policy.LearningRate.mean": {
            "value": 7.706563431148e-05,
            "min": 7.706563431148e-05,
            "max": 0.00028395105534965,
            "count": 8
        },
        "MyBehavior.Policy.LearningRate.sum": {
            "value": 0.0003853281715574,
            "min": 0.0003853281715574,
            "max": 0.0012804198731933998,
            "count": 8
        },
        "MyBehavior.Policy.Epsilon.mean": {
            "value": 0.12568852,
            "min": 0.12568852,
            "max": 0.19465035000000003,
            "count": 8
        },
        "MyBehavior.Policy.Epsilon.sum": {
            "value": 0.6284426,
            "min": 0.539841,
            "max": 0.9268066000000001,
            "count": 8
        },
        "MyBehavior.Policy.Beta.mean": {
            "value": 0.0012918571480000003,
            "min": 0.0012918571480000003,
            "max": 0.004733052465000001,
            "count": 8
        },
        "MyBehavior.Policy.Beta.sum": {
            "value": 0.006459285740000002,
            "min": 0.006459285740000002,
            "max": 0.021347649340000004,
            "count": 8
        },
        "MyBehavior.Environment.EpisodeLength.mean": {
            "value": 6959.666666666667,
            "min": 2853.9,
            "max": 8025.0,
            "count": 8
        },
        "MyBehavior.Environment.EpisodeLength.sum": {
            "value": 20879.0,
            "min": 20879.0,
            "max": 70283.0,
            "count": 8
        },
        "MyBehavior.Environment.CumulativeReward.mean": {
            "value": -10.0,
            "min": -10.0,
            "max": -10.0,
            "count": 8
        },
        "MyBehavior.Environment.CumulativeReward.sum": {
            "value": -30.0,
            "min": -110.0,
            "max": -30.0,
            "count": 8
        },
        "MyBehavior.Policy.ExtrinsicReward.mean": {
            "value": -10.0,
            "min": -10.0,
            "max": -10.0,
            "count": 8
        },
        "MyBehavior.Policy.ExtrinsicReward.sum": {
            "value": -30.0,
            "min": -110.0,
            "max": -30.0,
            "count": 8
        },
        "MyBehavior.IsTraining.mean": {
            "value": 1.0,
            "min": 1.0,
            "max": 1.0,
            "count": 8
        },
        "MyBehavior.IsTraining.sum": {
            "value": 1.0,
            "min": 1.0,
            "max": 1.0,
            "count": 8
        }
    },
    "metadata": {
        "timer_format_version": "0.1.0",
        "start_time_seconds": "1698249209",
        "python_version": "3.9.13 (tags/v3.9.13:6de2ca5, May 17 2022, 16:36:42) [MSC v.1929 64 bit (AMD64)]",
        "command_line_arguments": "C:\\Users\\nikol\\Unity_Projects\\MlAgents\\venv\\Scripts\\mlagents-learn --run-id=NewCar",
        "mlagents_version": "0.30.0",
        "mlagents_envs_version": "0.30.0",
        "communication_protocol_version": "1.5.0",
        "pytorch_version": "2.1.0+cpu",
        "numpy_version": "1.21.2",
        "end_time_seconds": "1698249551"
    },
    "total": 342.204833,
    "count": 1,
    "self": 0.004204399999991892,
    "children": {
        "run_training.setup": {
            "total": 0.023628399999999772,
            "count": 1,
            "self": 0.023628399999999772
        },
        "TrainerController.start_learning": {
            "total": 342.1770002,
            "count": 1,
            "self": 0.6755519000011532,
            "children": {
                "TrainerController._reset_env": {
                    "total": 9.048629599999998,
                    "count": 1,
                    "self": 9.048629599999998
                },
                "TrainerController.advance": {
                    "total": 332.39106869999887,
                    "count": 43555,
                    "self": 0.5624628999997867,
                    "children": {
                        "env_step": {
                            "total": 248.39948660000002,
                            "count": 43555,
                            "self": 222.70166579999986,
                            "children": {
                                "SubprocessEnvManager._take_step": {
                                    "total": 25.270618499998825,
                                    "count": 43555,
                                    "self": 2.0465656000023102,
                                    "children": {
                                        "TorchPolicy.evaluate": {
                                            "total": 23.224052899996515,
                                            "count": 43507,
                                            "self": 23.224052899996515
                                        }
                                    }
                                },
                                "workers": {
                                    "total": 0.42720230000133697,
                                    "count": 43554,
                                    "self": 0.0,
                                    "children": {
                                        "worker_root": {
                                            "total": 323.6567700999984,
                                            "count": 43554,
                                            "is_parallel": true,
                                            "self": 146.0486531999956,
                                            "children": {
                                                "steps_from_proto": {
                                                    "total": 0.0004290000000004568,
                                                    "count": 1,
                                                    "is_parallel": true,
                                                    "self": 8.77999999993051e-05,