{
    "name": "root",
    "metadata": {
        "timer_format_version": "0.1.0",
        "start_time_seconds": "1697744567",
        "python_version": "3.9.13 (tags/v3.9.13:6de2ca5, May 17 2022, 16:36:42) [MSC v.1929 64 bit (AMD64)]",
        "command_line_arguments": "C:\\Users\\nikol\\Unity_Projects\\MlAgents\\venv\\Scripts\\mlagents-learn --run-id=newTestNico",
        "mlagents_version": "0.30.0",
        "mlagents_envs_version": "0.30.0",
        "communication_protocol_version": "1.5.0",
        "pytorch_version": "2.1.0+cpu",
        "numpy_version": "1.21.2",
        "end_time_seconds": "1697744591"
    },
    "total": 24.5606261,
    "count": 1,
    "self": 0.004325500000000204,
    "children": {
        "run_training.setup": {
            "total": 0.02413679999999996,
            "count": 1,
            "self": 0.02413679999999996
        },
        "TrainerController.start_learning": {
            "total": 24.5321638,
            "count": 1,
            "self": 0.014651000000053926,
            "children": {
                "TrainerController._reset_env": {
                    "total": 9.6870678,
                    "count": 1,
                    "self": 9.6870678
                },
                "TrainerController.advance": {
                    "total": 14.752166499999948,
                    "count": 812,
                    "self": 0.014035500000002088,
                    "children": {
                        "env_step": {
                            "total": 14.378118599999958,
                            "count": 812,
                            "self": 13.69159789999997,
                            "children": {
                                "SubprocessEnvManager._take_step": {
                                    "total": 0.6778074000000238,
                                    "count": 812,
                                    "self": 0.09894590000000747,
                                    "children": {
                                        "TorchPolicy.evaluate": {
                                            "total": 0.5788615000000163,
                                            "count": 804,
                                            "self": 0.5788615000000163
                                        }
                                    }
                                },
                                "workers": {
                                    "total": 0.008713299999964619,
                                    "count": 811,
                                    "self": 0.0,
                                    "children": {
                                        "worker_root": {
                                            "total": 6.65724850000003,
                                            "count": 811,
                                            "is_parallel": true,
                                            "self": 2.1497079000000046,
                                            "children": {
                                                "steps_from_proto": {
                                                    "total": 0.00047099999999922204,
                                                    "count": 1,
                                                    "is_parallel": true,
                                                    "self": 0.00010660000000051184,
                                                    "children": {
                                                        "_process_rank_one_or_two_observation": {
                                                            "total": 0.0003643999999987102,
                                                            "count": 4,
                                                            "is_parallel": true,
                                                            "self": 0.0003643999999987102
                                                        }
                                                    }
                                                },
                                                "UnityEnvironment.step": {
                                                    "total": 4.507069600000026,
                                                    "count": 811,
                                                    "is_parallel": true,
                                                    "self": 0.10533420000000504,
                                                    "children": {
                                                        "UnityEnvironment._generate_step_input": {
                                                            "total": 0.09771380000000462,
                                                            "count": 811,
                                                            "is_parallel": true,
                                                            "self": 0.09771380000000462
                                                        },
                                                        "communicator.exchange": {
                                                            "total": 4.020715900000013,
                                                            "count": 811,
                                                            "is_parallel": true,
                                                            "self": 4.020715900000013
                                                        },
                                                        "steps_from_proto": {
                                                            "total": 0.2833057000000032,
                                                            "count": 811,
                                                            "is_parallel": true,
                                                            "self": 0.06702519999996426,
                                                            "children": {
                                                                "_process_rank_one_or_two_observation": {
                                                                    "total": 0.21628050000003896,
                                                                    "count": 3244,
                                                                    "is_parallel": true,
                                                                    "self": 0.21628050000003896
                                                                }
                                                            }
                                                        }
                                                    }
                                                }
                                            }
                                        }
                                    }
                                }
                            }
                        },
                        "trainer_advance": {
                            "total": 0.360012399999988,
                            "count": 811,
                            "self": 0.01910259999998054,
                            "children": {
                                "process_trajectory": {
                                    "total": 0.3409098000000075,
                                    "count": 811,
                                    "self": 0.3409098000000075
                                }
                            }
                        }
                    }
                },
                "trainer_threads": {
                    "total": 7.000000010748408e-07,
                    "count": 1,
                    "self": 7.000000010748408e-07
                },
                "TrainerController._save_models": {
                    "total": 0.07827779999999862,
                    "count": 1,
                    "self": 0.011097499999998206,