{
    "name": "root",
    "metadata": {
        "timer_format_version": "0.1.0",
        "start_time_seconds": "1697745751",
        "python_version": "3.9.13 (tags/v3.9.13:6de2ca5, May 17 2022, 16:36:42) [MSC v.1929 64 bit (AMD64)]",
        "command_line_arguments": "C:\\Users\\nikol\\Unity_Projects\\MlAgents\\venv\\Scripts\\mlagents-learn --run-id=newTestNico3",
        "mlagents_version": "0.30.0",
        "mlagents_envs_version": "0.30.0",
        "communication_protocol_version": "1.5.0",
        "pytorch_version": "2.1.0+cpu",
        "numpy_version": "1.21.2",
        "end_time_seconds": "1697745825"
    },
    "total": 73.3459309,
    "count": 1,
    "self": 0.004070999999996161,
    "children": {
        "run_training.setup": {
            "total": 0.02339709999999995,
            "count": 1,
            "self": 0.02339709999999995
        },
        "TrainerController.start_learning": {
            "total": 73.3184628,
            "count": 1,
            "self": 0.010493199999999092,
            "children": {
                "TrainerController._reset_env": {
                    "total": 6.532778,
                    "count": 1,
                    "self": 6.532778
                },
                "TrainerController.advance": {
                    "total": 66.71426260000001,
                    "count": 580,
                    "self": 0.010745200000044974,
                    "children": {
                        "env_step": {
                            "total": 66.40573569999998,
                            "count": 580,
                            "self": 65.97871319999997,
                            "children": {
                                "SubprocessEnvManager._take_step": {
                                    "total": 0.4208068999999952,
                                    "count": 580,
                                    "self": 0.08713699999996294,
                                    "children": {
                                        "TorchPolicy.evaluate": {
                                            "total": 0.33366990000003227,
                                            "count": 531,
                                            "self": 0.33366990000003227
                                        }
                                    }
                                },
                                "workers": {
                                    "total": 0.006215600000009758,
                                    "count": 579,
                                    "self": 0.0,
                                    "children": {
                                        "worker_root": {
                                            "total": 4.683692300000003,
                                            "count": 579,
                                            "is_parallel": true,
                                            "self": 1.5653804999999972,
                                            "children": {
                                                "steps_from_proto": {
                                                    "total": 0.00038090000000057245,
                                                    "count": 1,
                                                    "is_parallel": true,
                                                    "self": 8.579999999991372e-05,
                                                    "children": {
                                                        "_process_rank_one_or_two_observation": {
                                                            "total": 0.0002951000000006587,
                                                            "count": 4,
                                                            "is_parallel": true,
                                                            "self": 0.0002951000000006587
                                                        }
                                                    }
                                                },
                                                "UnityEnvironment.step": {
                                                    "total": 3.1179309000000055,
                                                    "count": 579,
                                                    "is_parallel": true,
                                                    "self": 0.07528089999997256,
                                                    "children": {
                                                        "UnityEnvironment._generate_step_input": {
                                                            "total": 0.06667520000001659,
                                                            "count": 579,
                                                            "is_parallel": true,
                                                            "self": 0.06667520000001659
                                                        },
                                                        "communicator.exchange": {
                                                            "total": 2.781246600000012,
                                                            "count": 579,
                                                            "is_parallel": true,
                                                            "self": 2.781246600000012
                                                        },
                                                        "steps_from_proto": {
                                                            "total": 0.19472820000000457,
                                                            "count": 579,
                                                            "is_parallel": true,
                                                            "self": 0.04657999999998985,
                                                            "children": {
                                                                "_process_rank_one_or_two_observation": {
                                                                    "total": 0.14814820000001472,
                                                                    "count": 2316,
                                                                    "is_parallel": true,
                                                                    "self": 0.14814820000001472
                                                                }
                                                            }
                                                        }
                                                    }
                                                }
                                            }
                                        }
                                    }
                                }
                            }
                        },
                        "trainer_advance": {
                            "total": 0.29778169999998383,
                            "count": 579,
                            "self": 0.013063099999980565,
                            "children": {
                                "process_trajectory": {
                                    "total": 0.28471860000000326,
                                    "count": 579,
                                    "self": 0.28471860000000326
                                }
                            }
                        }
                    }
                },
                "TrainerController._save_models": {
                    "total": 0.060928999999987354,
                    "count": 1,
                    "self": 0.009518299999982105,
                    "children": {
                        "RLTrainer._checkpoint": {
                            "total": 0.05141070000000525,
                            "count": 1,