{
    "name": "root",
    "gauges": {
        "TestBehavior.Policy.Entropy.mean": {
            "value": 1.404962182044983,
            "min": 1.404962182044983,
            "max": 1.4161779880523682,
            "count": 3
        },
        "TestBehavior.Policy.Entropy.sum": {
            "value": 70262.15625,
            "min": 70262.15625,
            "max": 71205.4296875,
            "count": 3
        },
        "TestBehavior.Environment.EpisodeLength.mean": {
            "value": 812.0483870967741,
            "min": 37.711627906976744,
            "max": 812.0483870967741,
            "count": 3
        },
        "TestBehavior.Environment.EpisodeLength.sum": {
            "value": 50347.0,
            "min": 46792.0,
            "max": 50347.0,
            "count": 3
        },
        "TestBehavior.Step.mean": {
            "value": 149968.0,
            "min": 49952.0,
            "max": 149968.0,
            "count": 3
        },
        "TestBehavior.Step.sum": {
            "value": 149968.0,
            "min": 49952.0,
            "max": 149968.0,
            "count": 3
        },
        "TestBehavior.Policy.ExtrinsicValueEstimate.mean": {
            "value": 0.39907675981521606,
            "min": -5.936690330505371,
            "max": 0.39907675981521606,
            "count": 3
        },
        "TestBehavior.Policy.ExtrinsicValueEstimate.sum": {
            "value": 324.0503234863281,
            "min": -5633.9189453125,
            "max": 324.0503234863281,
            "count": 3
        },
        "TestBehavior.Environment.CumulativeReward.mean": {
            "value": 35.645161290322584,
            "min": -10.0,
            "max": 35.645161290322584,
            "count": 3
        },
        "TestBehavior.Environment.CumulativeReward.sum": {
            "value": 2210.0,
            "min": -12890.0,
            "max": 2210.0,
            "count": 3
        },
        "TestBehavior.Policy.ExtrinsicReward.mean": {
            "value": 35.645161290322584,
            "min": -10.0,
            "max": 35.645161290322584,
            "count": 3
        },
        "TestBehavior.Policy.ExtrinsicReward.sum": {
            "value": 2210.0,
            "min": -12890.0,
            "max": 2210.0,
            "count": 3
        },
        "TestBehavior.Losses.PolicyLoss.mean": {
            "value": 0.023315318991274883,
            "min": 0.023315318991274883,
            "max": 0.026515158290664358,
            "count": 3
        },
        "TestBehavior.Losses.PolicyLoss.sum": {
            "value": 0.11657659495637442,
            "min": 0.09334559699054808,
            "max": 0.1325757914533218,
            "count": 3
        },
        "TestBehavior.Losses.ValueLoss.mean": {
            "value": 3.7077469660838447,
            "min": 0.8464578473567963,
            "max": 5.869873642921448,
            "count": 3
        },
        "TestBehavior.Losses.ValueLoss.sum": {
            "value": 18.538734830419223,
            "min": 4.2322892367839815,
            "max": 23.47949457168579,
            "count": 3
        },
        "TestBehavior.Policy.LearningRate.mean": {
            "value": 0.00022615046461651995,
            "min": 0.00022615046461651995,
            "max": 0.0002846127051290999,
            "count": 3
        },
        "TestBehavior.Policy.LearningRate.sum": {
            "value": 0.0011307523230825998,
            "min": 0.0011307523230825998,
            "max": 0.0012846198717934001,
            "count": 3
        },
        "TestBehavior.Policy.Epsilon.mean": {
            "value": 0.17538347999999998,
            "min": 0.17538347999999998,
            "max": 0.19487090000000004,
            "count": 3
        },
        "TestBehavior.Policy.Epsilon.sum": {
            "value": 0.8769174,
            "min": 0.7794836000000002,
            "max": 0.9282066,
            "count": 3
        },
        "TestBehavior.Policy.Beta.mean": {
            "value": 0.003771635652,
            "min": 0.003771635652,
            "max": 0.00474405791,
            "count": 3
        },
        "TestBehavior.Policy.Beta.sum": {
            "value": 0.01885817826,
            "min": 0.01885817826,
            "max": 0.02141750934,
            "count": 3
        },
        "TestBehavior.IsTraining.mean": {
            "value": 1.0,
            "min": 1.0,
            "max": 1.0,
            "count": 3
        },
        "TestBehavior.IsTraining.sum": {
            "value": 1.0,
            "min": 1.0,
            "max": 1.0,
            "count": 3
        }
    },
    "metadata": {
        "timer_format_version": "0.1.0",
        "start_time_seconds": "1697799448",
        "python_version": "3.9.13 (tags/v3.9.13:6de2ca5, May 17 2022, 16:36:42) [MSC v.1929 64 bit (AMD64)]",
        "command_line_arguments": "C:\\Users\\nikol\\Unity_Projects\\MlAgents\\venv\\Scripts\\mlagents-learn --run-id=20102023Test",
        "mlagents_version": "0.30.0",
        "mlagents_envs_version": "0.30.0",
        "communication_protocol_version": "1.5.0",
        "pytorch_version": "2.1.0+cpu",
        "numpy_version": "1.21.2",
        "end_time_seconds": "1697799646"
    },
    "total": 198.1698108,
    "count": 1,
    "self": 0.004504599999989978,
    "children": {
        "run_training.setup": {
            "total": 0.042600099999999586,
            "count": 1,
            "self": 0.042600099999999586
        },
        "TrainerController.start_learning": {
            "total": 198.12270610000002,
            "count": 1,
            "self": 0.3455590000002928,
            "children": {
                "TrainerController._reset_env": {
                    "total": 37.2393632,
                    "count": 1,
                    "self": 37.2393632
                },
                "TrainerController.advance": {
                    "total": 160.42208339999968,
                    "count": 20489,
                    "self": 0.3251994000005425,
                    "children": {
                        "env_step": {
                            "total": 123.72438839999802,
                            "count": 20489,
                            "self": 110.78644929999719,
                            "children": {
                                "SubprocessEnvManager._take_step": {
                                    "total": 12.70926770000029,
                                    "count": 20489,
                                    "self": 1.0423784000012333,
                                    "children": {
                                        "TorchPolicy.evaluate": {
                                            "total": 11.666889299999056,
                                            "count": 19121,
                                            "self": 11.666889299999056
                                        }
                                    }
                                },
                                "workers": {
                                    "total": 0.2286714000005432,
                                    "count": 20488,
                                    "self": 0.0,
                                    "children": {
                                        "worker_root": {
                                            "total": 160.65728220000057,
                                            "count": 20488,
                                            "is_parallel": true,
                                            "self": 68.25715410000164,
                                            "children": {
                                                "steps_from_proto": {
                                                    "total": 0.0004763000000025386,
                                                    "count": 1,
                                                    "is_parallel": true,
                                                    "self": 9.340000000435111e-05,