{
    "name": "root",
    "gauges": {
        "TestBehavior.Policy.Entropy.mean": {
            "value": 1.3751769065856934,
            "min": 1.3751769065856934,
            "max": 1.4177789688110352,
            "count": 6
        },
        "TestBehavior.Policy.Entropy.sum": {
            "value": 68868.859375,
            "min": 68868.859375,
            "max": 71512.7734375,
            "count": 6
        },
        "TestBehavior.Environment.EpisodeLength.mean": {
            "value": 124.34328358208955,
            "min": 73.80209895052474,
            "max": 195.23921568627452,
            "count": 6
        },
        "TestBehavior.Environment.EpisodeLength.sum": {
            "value": 49986.0,
            "min": 49225.0,
            "max": 49986.0,
            "count": 6
        },
        "TestBehavior.Step.mean": {
            "value": 299985.0,
            "min": 49989.0,
            "max": 299985.0,
            "count": 6
        },
        "TestBehavior.Step.sum": {
            "value": 299985.0,
            "min": 49989.0,
            "max": 299985.0,
            "count": 6
        },
        "TestBehavior.Policy.ExtrinsicValueEstimate.mean": {
            "value": 23.43748664855957,
            "min": -2.2065036296844482,
            "max": 23.43748664855957,
            "count": 6
        },
        "TestBehavior.Policy.ExtrinsicValueEstimate.sum": {
            "value": 20859.36328125,
            "min": -2027.7767333984375,
            "max": 23870.8828125,
            "count": 6
        },
        "TestBehavior.Environment.CumulativeReward.mean": {
            "value": 44.907730673316706,
            "min": -8.91891891891892,
            "max": 45.02745098039216,
            "count": 6
        },
        "TestBehavior.Environment.CumulativeReward.sum": {
            "value": 18008.0,
            "min": -5940.0,
            "max": 18008.0,
            "count": 6
        },
        "TestBehavior.Policy.ExtrinsicReward.mean": {
            "value": 44.907730673316706,
            "min": -8.91891891891892,
            "max": 45.02745098039216,
            "count": 6
        },
        "TestBehavior.Policy.ExtrinsicReward.sum": {
            "value": 18008.0,
            "min": -5940.0,
            "max": 18008.0,
            "count": 6
        },
        "TestBehavior.Losses.PolicyLoss.mean": {
            "value": 0.02258613638191794,
            "min": 0.02228894157723213,
            "max": 0.026734530156245457,
            "count": 6
        },
        "TestBehavior.Losses.PolicyLoss.sum": {
            "value": 0.11293068190958971,
            "min": 0.09019565418129787,
            "max": 0.13367265078122728,
            "count": 6
        },
        "TestBehavior.Losses.ValueLoss.mean": {
            "value": 0.4211692410707474,
            "min": 0.4211692410707474,
            "max": 10.663654699921608,
            "count": 6
        },
        "TestBehavior.Losses.ValueLoss.sum": {
            "value": 2.105846205353737,
            "min": 2.105846205353737,
            "max": 42.65461879968643,
            "count": 6
        },
        "TestBehavior.Policy.LearningRate.mean": {
            "value": 0.00013360973546344001,
            "min": 0.00013360973546344001,
            "max": 0.00028461945512685,
            "count": 6
        },
        "TestBehavior.Policy.LearningRate.sum": {
            "value": 0.0006680486773172,
            "min": 0.0006680486773172,
            "max": 0.0012844536718487998,
            "count": 6
        },
        "TestBehavior.Policy.Epsilon.mean": {
            "value": 0.14453656,
            "min": 0.14453656,
            "max": 0.19487315,
            "count": 6
        },
        "TestBehavior.Policy.Epsilon.sum": {
            "value": 0.7226828000000001,
            "min": 0.7226828000000001,
            "max": 0.9281512000000001,
            "count": 6
        },
        "TestBehavior.Policy.Beta.mean": {
            "value": 0.002232374344,
            "min": 0.002232374344,
            "max": 0.004744170185,
            "count": 6
        },
        "TestBehavior.Policy.Beta.sum": {
            "value": 0.011161871720000001,
            "min": 0.011161871720000001,
            "max": 0.02141474488,
            "count": 6
        },
        "TestBehavior.IsTraining.mean": {
            "value": 1.0,
            "min": 1.0,
            "max": 1.0,
            "count": 6
        },
        "TestBehavior.IsTraining.sum": {
            "value": 1.0,
            "min": 1.0,
            "max": 1.0,
            "count": 6
        }
    },
    "metadata": {
        "timer_format_version": "0.1.0",
        "start_time_seconds": "1697739254",
        "python_version": "3.9.13 (tags/v3.9.13:6de2ca5, May 17 2022, 16:36:42) [MSC v.1929 64 bit (AMD64)]",
        "command_line_arguments": "C:\\Users\\nikol\\Unity_Projects\\MlAgents\\venv\\Scripts\\mlagents-learn --run-id=newtest1",
        "mlagents_version": "0.30.0",
        "mlagents_envs_version": "0.30.0",
        "communication_protocol_version": "1.5.0",
        "pytorch_version": "2.1.0+cpu",
        "numpy_version": "1.21.2",
        "end_time_seconds": "1697739571"
    },
    "total": 317.4098495,
    "count": 1,
    "self": 0.004319399999985762,
    "children": {
        "run_training.setup": {
            "total": 0.04667889999999986,
            "count": 1,
            "self": 0.04667889999999986
        },
        "TrainerController.start_learning": {
            "total": 317.3588512,
            "count": 1,
            "self": 0.6277694999999994,
            "children": {
                "TrainerController._reset_env": {
                    "total": 19.060058,
                    "count": 1,
                    "self": 19.060058
                },
                "TrainerController.advance": {
                    "total": 297.5621997999999,
                    "count": 34720,
                    "self": 0.5941993000040497,
                    "children": {
                        "env_step": {
                            "total": 232.6299912999955,
                            "count": 34720,
                            "self": 210.47195920000468,
                            "children": {
                                "SubprocessEnvManager._take_step": {
                                    "total": 21.762650799994596,
                                    "count": 34721,
                                    "self": 1.6711882999916767,
                                    "children": {
                                        "TorchPolicy.evaluate": {
                                            "total": 20.09146250000292,
                                            "count": 32747,
                                            "self": 20.09146250000292
                                        }
                                    }
                                },
                                "workers": {
                                    "total": 0.3953812999962416,
                                    "count": 34719,
                                    "self": 0.0,
                                    "children": {
                                        "worker_root": {
                                            "total": 281.80902250000133,
                                            "count": 34719,
                                            "is_parallel": true,
                                            "self": 119.64104090000524,
                                            "children": {
                                                "steps_from_proto": {
                                                    "total": 0.0009879999999995448,
                                                    "count": 2,
                                                    "is_parallel": true,
                                                    "self": 0.00020679999999373422,