{"count":1,"self":228.11264,"total":1004.2464302999999,"children":{"InitializeActuators":{"count":3,"self":0.0020082999999999998,"total":0.0020082999999999998,"children":null},"InitializeSensors":{"count":3,"self":0.0025199999999999997,"total":0.0025199999999999997,"children":null},"AgentSendState":{"count":423817,"self":72.5476864,"total":118.02354609999999,"children":{"CollectObservations":{"count":423819,"self":0.2427222,"total":0.2427222,"children":null},"WriteActionMask":{"count":423819,"self":0.2032272,"total":0.2032272,"children":null},"RequestDecision":{"count":423819,"self":0.9368939,"total":45.0299127,"children":{"AgentInfo.ToProto":{"count":423819,"self":1.0726603,"total":44.093018799999996,"children":{"GenerateSensorData":{"count":423819,"self":35.866870399999996,"total":43.0203585,"children":{"RayPerceptionSensor.Perceive":{"count":423819,"self":7.1534888,"total":7.1534885,"children":null}}}}}}}}},"DecideAction":{"count":423817,"self":654.1508096,"total":654.1507844,"children":null},"AgentAct":{"count":423817,"self":3.8721916,"total":3.8721916999999997,"children":null},"AgentInfo.ToProto":{"count":777,"self":0,"total":0.0827485,"children":{"GenerateSensorData":{"count":777,"self":0.0705587,"total":0.0827485,"children":{"RayPerceptionSensor.Perceive":{"count":777,"self":0.012189799999999999,"total":0.012189799999999999,"children":null}}}}}},"gauges":{"Car3.CumulativeReward":{"count":777,"max":97.78035,"min":-60.16591,"runningAverage":25.78244,"value":35.5578079,"weightedAverage":36.66709}},"metadata":{"timer_format_version":"0.1.0","start_time_seconds":"1702505084","unity_version":"2022.3.10f1","command_line_arguments":"C:\\Program Files\\Unity\\Hub\\Editor\\2022.3.10f1\\Editor\\Unity.exe -projectpath C:\\Users\\nikol\\Unity_Projects\\MlAgents -useHub -hubIPC -cloudEnvironment production -licensingIpc LicenseClient-nikol -hubSessionId 3ab23ab7-974a-4c73-89fc-8efa7ba84a57 -accessToken Ohb2ZnKh5chDVW0BU9DYx8lYVpkC-gwE7dEg_8VltB4005f","communication_protocol_version":"1.5.0","com.unity.ml-agents_version":"2.0.1","scene_name":"3","end_time_seconds":"1702506088"}}