{"count":1,"self":166.49736959999998,"total":1017.3151942,"children":{"InitializeActuators":{"count":5,"self":0.0010054999999999999,"total":0.0010054999999999999,"children":null},"InitializeSensors":{"count":5,"self":0.0020176,"total":0.0020176,"children":null},"AgentSendState":{"count":320751,"self":99.9348224,"total":155.61509859999998,"children":{"CollectObservations":{"count":534585,"self":0.3083917,"total":0.3083917,"children":null},"WriteActionMask":{"count":534585,"self":0.24978999999999998,"total":0.24978999999999998,"children":null},"RequestDecision":{"count":534585,"self":1.0670009,"total":55.1220925,"children":{"AgentInfo.ToProto":{"count":534585,"self":1.2033806,"total":54.0550916,"children":{"GenerateSensorData":{"count":534585,"self":44.222134399999995,"total":52.851710999999995,"children":{"RayPerceptionSensor.Perceive":{"count":534585,"self":8.6295752,"total":8.6295752,"children":null}}}}}}}}},"DecideAction":{"count":320751,"self":690.6220032,"total":690.62201699999991,"children":null},"AgentAct":{"count":320751,"self":4.4621248,"total":4.4621246999999995,"children":null},"AgentInfo.ToProto":{"count":1230,"self":0.0040301999999999994,"total":0.1155674,"children":{"GenerateSensorData":{"count":1230,"self":0.0869379,"total":0.11153719999999999,"children":{"RayPerceptionSensor.Perceive":{"count":1230,"self":0.024599299999999998,"total":0.024599299999999998,"children":null}}}}}},"gauges":{"Car3.CumulativeReward":{"count":1230,"max":103.681023,"min":-19.2156525,"runningAverage":66.3301239,"value":102.760063,"weightedAverage":90.27194}},"metadata":{"timer_format_version":"0.1.0","start_time_seconds":"1702506406","unity_version":"2022.3.10f1","command_line_arguments":"C:\\Program Files\\Unity\\Hub\\Editor\\2022.3.10f1\\Editor\\Unity.exe -projectpath C:\\Users\\nikol\\Unity_Projects\\MlAgents -useHub -hubIPC -cloudEnvironment production -licensingIpc LicenseClient-nikol -hubSessionId 3ab23ab7-974a-4c73-89fc-8efa7ba84a57 -accessToken Ohb2ZnKh5chDVW0BU9DYx8lYVpkC-gwE7dEg_8VltB4005f","communication_protocol_version":"1.5.0","com.unity.ml-agents_version":"2.0.1","scene_name":"5","end_time_seconds":"1702507423"}}