{
    "name": "root",
    "gauges": {
        "Car3.Policy.Entropy.mean": {
            "value": 1.5645041465759277,
            "min": 1.4157103300094604,
            "max": 1.5645041465759277,
            "count": 21
        },
        "Car3.Policy.Entropy.sum": {
            "value": 77927.953125,
            "min": 70675.09375,
            "max": 77951.5,
            "count": 21
        },
        "Car3.Step.mean": {
            "value": 1049981.0,
            "min": 49987.0,
            "max": 1049981.0,
            "count": 21
        },
        "Car3.Step.sum": {
            "value": 1049981.0,
            "min": 49987.0,
            "max": 1049981.0,
            "count": 21
        },
        "Car3.Policy.ExtrinsicValueEstimate.mean": {
            "value": -2.0478172302246094,
            "min": -10.069687843322754,
            "max": -0.4737928509712219,
            "count": 21
        },
        "Car3.Policy.ExtrinsicValueEstimate.sum": {
            "value": -1634.1580810546875,
            "min": -8206.7958984375,
            "max": -378.0867004394531,
            "count": 21
        },
        "Car3.Environment.EpisodeLength.mean": {
            "value": 1595.3333333333333,
            "min": 361.10714285714283,
            "max": 1999.0,
            "count": 21
        },
        "Car3.Environment.EpisodeLength.sum": {
            "value": 47860.0,
            "min": 42435.0,
            "max": 56385.0,
            "count": 21
        },
        "Car3.Environment.CumulativeReward.mean": {
            "value": -7.532134557763736,
            "min": -34.69676823176444,
            "max": 16.29215044325048,
            "count": 21
        },
        "Car3.Environment.CumulativeReward.sum": {
            "value": -225.96403673291206,
            "min": -867.4192057941109,
            "max": 896.0682743787766,
            "count": 21
        },
        "Car3.Policy.ExtrinsicReward.mean": {
            "value": -7.532134557763736,
            "min": -34.69676823176444,
            "max": 16.29215044325048,
            "count": 21
        },
        "Car3.Policy.ExtrinsicReward.sum": {
            "value": -225.96403673291206,
            "min": -867.4192057941109,
            "max": 896.0682743787766,
            "count": 21
        },
        "Car3.Losses.PolicyLoss.mean": {
            "value": 0.02462782777574224,
            "min": 0.021616189983057362,
            "max": 0.02647045191163973,
            "count": 21
        },
        "Car3.Losses.PolicyLoss.sum": {
            "value": 0.1231391388787112,
            "min": 0.09013707162909365,
            "max": 0.13235225955819865,
            "count": 21
        },
        "Car3.Losses.ValueLoss.mean": {
            "value": 7.582421005566914,
            "min": 0.5579359382701417,
            "max": 37.43904312451681,
            "count": 21
        },
        "Car3.Losses.ValueLoss.sum": {
            "value": 37.91210502783457,
            "min": 2.2317437530805666,
            "max": 149.75617249806723,
            "count": 21
        },
        "Car3.Policy.LearningRate.mean": {
            "value": 0.00026917252027583004,
            "min": 0.00026917252027583004,
            "max": 0.0002992251002582999,
            "count": 21
        },
        "Car3.Policy.LearningRate.sum": {
            "value": 0.0013458626013791502,
            "min": 0.0011009346330218,
            "max": 0.0014891118036293998,
            "count": 21
        },
        "Car3.Policy.Epsilon.mean": {
            "value": 0.18972417000000003,
            "min": 0.18972417000000003,
            "max": 0.1997417,
            "count": 21
        },
        "Car3.Policy.Epsilon.sum": {
            "value": 0.9486208500000001,
            "min": 0.7669782,
            "max": 0.9963706000000001,
            "count": 21
        },
        "Car3.Policy.Beta.mean": {
            "value": 0.010000000000000002,
            "min": 0.010000000000000002,
            "max": 0.010000000000000002,
            "count": 21
        },
        "Car3.Policy.Beta.sum": {
            "value": 0.05000000000000001,
            "min": 0.04000000000000001,
            "max": 0.05000000000000001,
            "count": 21
        },
        "Car3.IsTraining.mean": {
            "value": 1.0,
            "min": 1.0,
            "max": 1.0,
            "count": 21
        },
        "Car3.IsTraining.sum": {
            "value": 1.0,
            "min": 1.0,
            "max": 1.0,
            "count": 21
        }
    },
    "metadata": {
        "timer_format_version": "0.1.0",
        "start_time_seconds": "1702565484",
        "python_version": "3.9.13 (tags/v3.9.13:6de2ca5, May 17 2022, 16:36:42) [MSC v.1929 64 bit (AMD64)]",
        "command_line_arguments": "C:\\Users\\nikol\\Unity_Projects\\MlAgents\\venv\\Scripts\\mlagents-learn C:\\Users\\nikol\\Unity_Projects\\MlAgents\\results\\Control1\\configuration.yaml --run-id=Control1 --resume",
        "mlagents_version": "0.30.0",
        "mlagents_envs_version": "0.30.0",
        "communication_protocol_version": "1.5.0",
        "pytorch_version": "2.1.0+cpu",
        "numpy_version": "1.21.2",
        "end_time_seconds": "1702567452"
    },
    "total": 1968.1387614,
    "count": 1,
    "self": 0.00383430000010776,
    "children": {
        "run_training.setup": {
            "total": 0.07844819999999997,
            "count": 1,
            "self": 0.07844819999999997
        },
        "TrainerController.start_learning": {
            "total": 1968.0564789,
            "count": 1,
            "self": 3.7156359000289285,
            "children": {
                "TrainerController._reset_env": {
                    "total": 7.102100499999999,
                    "count": 1,
                    "self": 7.102100499999999
                },
                "TrainerController.advance": {
                    "total": 1957.188505799971,
                    "count": 218391,
                    "self": 3.2798086999669067,
                    "children": {
                        "env_step": {
                            "total": 1689.711382699959,
                            "count": 218391,
                            "self": 1531.4014700999678,
                            "children": {
                                "SubprocessEnvManager._take_step": {
                                    "total": 155.864577999995,
                                    "count": 218391,
                                    "self": 10.308831999987916,
                                    "children": {
                                        "TorchPolicy.evaluate": {
                                            "total": 145.55574600000708,
                                            "count": 218262,
                                            "self": 145.55574600000708
                                        }
                                    }
                                },
                                "workers": {
                                    "total": 2.445334599996187,
                                    "count": 218390,
                                    "self": 0.0,
                                    "children": {
                                        "worker_root": {
                                            "total": 1955.8280609999251,
                                            "count": 218390,
                                            "is_parallel": true,
                                            "self": 615.7493889999594,
                                            "children": {
                                                "steps_from_proto": {
                                                    "total": 0.0011991000000000085,
                                                    "count": 1,
                                                    "is_parallel": true,
                                                    "self": 8.229999999986859e-05,