{
    "name": "root",
    "gauges": {
        "Car3.Policy.Entropy.mean": {
            "value": 1.0063815116882324,
            "min": 1.0063815116882324,
            "max": 1.1162606477737427,
            "count": 43
        },
        "Car3.Policy.Entropy.sum": {
            "value": 49916.5234375,
            "min": 18507.6015625,
            "max": 55785.00390625,
            "count": 43
        },
        "Car3.Environment.EpisodeLength.mean": {
            "value": 91.37735849056604,
            "min": 62.0,
            "max": 974.4,
            "count": 43
        },
        "Car3.Environment.EpisodeLength.sum": {
            "value": 48430.0,
            "min": 15690.0,
            "max": 61180.0,
            "count": 43
        },
        "Car3.Step.mean": {
            "value": 4199946.0,
            "min": 2099968.0,
            "max": 4199946.0,
            "count": 43
        },
        "Car3.Step.sum": {
            "value": 4199946.0,
            "min": 2099968.0,
            "max": 4199946.0,
            "count": 43
        },
        "Car3.Policy.ExtrinsicValueEstimate.mean": {
            "value": 82.46730041503906,
            "min": 27.743263244628906,
            "max": 101.67200469970703,
            "count": 43
        },
        "Car3.Policy.ExtrinsicValueEstimate.sum": {
            "value": 79003.671875,
            "min": 22166.8671875,
            "max": 91243.40625,
            "count": 43
        },
        "Car3.Environment.CumulativeReward.mean": {
            "value": 180.09446565030015,
            "min": 100.0565121293068,
            "max": 202.78290001659428,
            "count": 43
        },
        "Car3.Environment.CumulativeReward.sum": {
            "value": 97070.91698551178,
            "min": 5002.82560646534,
            "max": 110118.30636024475,
            "count": 43
        },
        "Car3.Policy.ExtrinsicReward.mean": {
            "value": 180.09446565030015,
            "min": 100.0565121293068,
            "max": 202.78290001659428,
            "count": 43
        },
        "Car3.Policy.ExtrinsicReward.sum": {
            "value": 97070.91698551178,
            "min": 5002.82560646534,
            "max": 110118.30636024475,
            "count": 43
        },
        "Car3.Losses.PolicyLoss.mean": {
            "value": 0.023160852729536902,
            "min": 0.020648092456006756,
            "max": 0.028046801988966762,
            "count": 43
        },
        "Car3.Losses.PolicyLoss.sum": {
            "value": 0.09264341091814761,
            "min": 0.024824075393068294,
            "max": 0.1397878728850628,
            "count": 43
        },
        "Car3.Losses.ValueLoss.mean": {
            "value": 288.0394643147786,
            "min": 38.129899406433104,
            "max": 585.4782135009766,
            "count": 43
        },
        "Car3.Losses.ValueLoss.sum": {
            "value": 1152.1578572591145,
            "min": 152.51959762573242,
            "max": 2245.9090108235678,
            "count": 43
        },
        "Car3.Policy.LearningRate.mean": {
            "value": 0.0002749545083485,
            "min": 0.0002749545083485,
            "max": 0.0002874317441894199,
            "count": 43
        },
        "Car3.Policy.LearningRate.sum": {
            "value": 0.001099818033394,
            "min": 0.0002874317441894199,
            "max": 0.0014362055612648196,
            "count": 43
        },
        "Car3.Policy.Epsilon.mean": {
            "value": 0.19165150000000003,
            "min": 0.19165150000000003,
            "max": 0.19581057999999996,
            "count": 43
        },
        "Car3.Policy.Epsilon.sum": {
            "value": 0.7666060000000001,
            "min": 0.19581057999999996,
            "max": 0.9787351800000003,
            "count": 43
        },
        "Car3.Policy.Beta.mean": {
            "value": 0.004583409850000001,
            "min": 0.004583409850000001,
            "max": 0.004790947941999999,
            "count": 43
        },
        "Car3.Policy.Beta.sum": {
            "value": 0.018333639400000004,
            "min": 0.004790947941999999,
            "max": 0.023938885482,
            "count": 43
        },
        "Car3.IsTraining.mean": {
            "value": 1.0,
            "min": 1.0,
            "max": 1.0,
            "count": 43
        },
        "Car3.IsTraining.sum": {
            "value": 1.0,
            "min": 1.0,
            "max": 1.0,
            "count": 43
        }
    },
    "metadata": {
        "timer_format_version": "0.1.0",
        "start_time_seconds": "1702494080",
        "python_version": "3.9.13 (tags/v3.9.13:6de2ca5, May 17 2022, 16:36:42) [MSC v.1929 64 bit (AMD64)]",
        "command_line_arguments": "C:\\Users\\nikol\\Unity_Projects\\MlAgents\\venv\\Scripts\\mlagents-learn C:\\Users\\nikol\\Unity_Projects\\MlAgents\\results\\Curriculum\\configuration.yaml --run-id=Curriculum --resume",
        "mlagents_version": "0.30.0",
        "mlagents_envs_version": "0.30.0",
        "communication_protocol_version": "1.5.0",
        "pytorch_version": "2.1.0+cpu",
        "numpy_version": "1.21.2",
        "end_time_seconds": "1702496506"
    },
    "total": 2425.5816587,
    "count": 1,
    "self": 0.0036172000000078697,
    "children": {
        "run_training.setup": {
            "total": 0.07805470000000003,
            "count": 1,
            "self": 0.07805470000000003
        },
        "TrainerController.start_learning": {
            "total": 2425.4999868,
            "count": 1,
            "self": 3.7121675000248615,
            "children": {
                "TrainerController._reset_env": {
                    "total": 7.197965999999999,
                    "count": 1,
                    "self": 7.197965999999999
                },
                "TrainerController.advance": {
                    "total": 2414.556848699975,
                    "count": 216023,
                    "self": 3.162922800004253,
                    "children": {
                        "env_step": {
                            "total": 2013.0970559000425,
                            "count": 216023,
                            "self": 1856.203496199987,
                            "children": {
                                "SubprocessEnvManager._take_step": {
                                    "total": 154.4439561000715,
                                    "count": 216023,
                                    "self": 14.746175300073219,
                                    "children": {
                                        "TorchPolicy.evaluate": {
                                            "total": 139.69778079999827,
                                            "count": 213851,
                                            "self": 139.69778079999827
                                        }
                                    }
                                },
                                "workers": {
                                    "total": 2.4496035999839076,
                                    "count": 216022,
                                    "self": 0.0,
                                    "children": {
                                        "worker_root": {
                                            "total": 2351.0190482999674,
                                            "count": 216022,
                                            "is_parallel": true,
                                            "self": 758.8039893000009,
                                            "children": {
                                                "steps_from_proto": {
                                                    "total": 0.0011591000000006346,
                                                    "count": 1,
                                                    "is_parallel": true,
                                                    "self": 0.00015460000000011576,