{
    "name": "root",
    "gauges": {
        "TestBehavior.Policy.Entropy.mean": {
            "value": 1.4189484119415283,
            "min": 1.4189484119415283,
            "max": 1.4189484119415283,
            "count": 1
        },
        "TestBehavior.Policy.Entropy.sum": {
            "value": 71131.8828125,
            "min": 71131.8828125,
            "max": 71131.8828125,
            "count": 1
        },
        "TestBehavior.Environment.EpisodeLength.mean": {
            "value": 20.3486982501067,
            "min": 20.3486982501067,
            "max": 20.3486982501067,
            "count": 1
        },
        "TestBehavior.Environment.EpisodeLength.sum": {
            "value": 47677.0,
            "min": 47677.0,
            "max": 47677.0,
            "count": 1
        },
        "TestBehavior.Step.mean": {
            "value": 49987.0,
            "min": 49987.0,
            "max": 49987.0,
            "count": 1
        },
        "TestBehavior.Step.sum": {
            "value": 49987.0,
            "min": 49987.0,
            "max": 49987.0,
            "count": 1
        },
        "TestBehavior.Policy.ExtrinsicValueEstimate.mean": {
            "value": -6.090958118438721,
            "min": -6.090958118438721,
            "max": -6.090958118438721,
            "count": 1
        },
        "TestBehavior.Policy.ExtrinsicValueEstimate.sum": {
            "value": -14928.9384765625,
            "min": -14928.9384765625,
            "max": -14928.9384765625,
            "count": 1
        },
        "TestBehavior.Environment.CumulativeReward.mean": {
            "value": -2.0,
            "min": -2.0,
            "max": -2.0,
            "count": 1
        },
        "TestBehavior.Environment.CumulativeReward.sum": {
            "value": -4684.0,
            "min": -4684.0,
            "max": -4684.0,
            "count": 1
        },
        "TestBehavior.Policy.ExtrinsicReward.mean": {
            "value": -2.0,
            "min": -2.0,
            "max": -2.0,
            "count": 1
        },
        "TestBehavior.Policy.ExtrinsicReward.sum": {
            "value": -4684.0,
            "min": -4684.0,
            "max": -4684.0,
            "count": 1
        },
        "TestBehavior.Losses.PolicyLoss.mean": {
            "value": 0.028181611528270877,
            "min": 0.028181611528270877,
            "max": 0.028181611528270877,
            "count": 1
        },
        "TestBehavior.Losses.PolicyLoss.sum": {
            "value": 0.11272644611308351,
            "min": 0.11272644611308351,
            "max": 0.11272644611308351,
            "count": 1
        },
        "TestBehavior.Losses.ValueLoss.mean": {
            "value": 7.067196300129095,
            "min": 7.067196300129095,
            "max": 7.067196300129095,
            "count": 1
        },
        "TestBehavior.Losses.ValueLoss.sum": {
            "value": 28.26878520051638,
            "min": 28.26878520051638,
            "max": 28.26878520051638,
            "count": 1
        },
        "TestBehavior.Policy.LearningRate.mean": {
            "value": 0.0002846143551285499,
            "min": 0.0002846143551285499,
            "max": 0.0002846143551285499,
            "count": 1
        },
        "TestBehavior.Policy.LearningRate.sum": {
            "value": 0.0011384574205141997,
            "min": 0.0011384574205141997,
            "max": 0.0011384574205141997,
            "count": 1
        },
        "TestBehavior.Policy.Epsilon.mean": {
            "value": 0.19487145,
            "min": 0.19487145,
            "max": 0.19487145,
            "count": 1
        },
        "TestBehavior.Policy.Epsilon.sum": {
            "value": 0.7794858,
            "min": 0.7794858,
            "max": 0.7794858,
            "count": 1
        },
        "TestBehavior.Policy.Beta.mean": {
            "value": 0.004744085354999999,
            "min": 0.004744085354999999,
            "max": 0.004744085354999999,
            "count": 1
        },
        "TestBehavior.Policy.Beta.sum": {
            "value": 0.018976341419999997,
            "min": 0.018976341419999997,
            "max": 0.018976341419999997,
            "count": 1
        },
        "TestBehavior.IsTraining.mean": {
            "value": 1.0,
            "min": 1.0,
            "max": 1.0,
            "count": 1
        },
        "TestBehavior.IsTraining.sum": {
            "value": 1.0,
            "min": 1.0,
            "max": 1.0,
            "count": 1
        }
    },
    "metadata": {
        "timer_format_version": "0.1.0",
        "start_time_seconds": "1697583147",
        "python_version": "3.9.13 (tags/v3.9.13:6de2ca5, May 17 2022, 16:36:42) [MSC v.1929 64 bit (AMD64)]",
        "command_line_arguments": "C:\\Users\\nikol\\Unity_Projects\\MlAgents\\venv\\Scripts\\mlagents-learn --run-id=Test2",
        "mlagents_version": "0.30.0",
        "mlagents_envs_version": "0.30.0",
        "communication_protocol_version": "1.5.0",
        "pytorch_version": "2.1.0+cpu",
        "numpy_version": "1.21.2",
        "end_time_seconds": "1697583256"
    },
    "total": 109.55832720000001,
    "count": 1,
    "self": 0.004091000000002509,
    "children": {
        "run_training.setup": {
            "total": 0.023755299999999924,
            "count": 1,
            "self": 0.023755299999999924
        },
        "TrainerController.start_learning": {
            "total": 109.5304809,
            "count": 1,
            "self": 0.1179554999997805,
            "children": {
                "TrainerController._reset_env": {
                    "total": 8.8488957,
                    "count": 1,
                    "self": 8.8488957
                },
                "TrainerController.advance": {
                    "total": 100.50412910000023,
                    "count": 6710,
                    "self": 0.1113021000004153,
                    "children": {
                        "env_step": {
                            "total": 91.41617709999993,
                            "count": 6710,
                            "self": 88.0275010999996,
                            "children": {
                                "SubprocessEnvManager._take_step": {
                                    "total": 3.3152112000000074,
                                    "count": 6710,
                                    "self": 0.25831669999988094,
                                    "children": {
                                        "TorchPolicy.evaluate": {
                                            "total": 3.0568945000001264,
                                            "count": 5121,
                                            "self": 3.0568945000001264
                                        }
                                    }
                                },
                                "workers": {
                                    "total": 0.07346480000032685,
                                    "count": 6709,
                                    "self": 0.0,
                                    "children": {
                                        "worker_root": {
                                            "total": 38.466579299999914,
                                            "count": 6709,
                                            "is_parallel": true,
                                            "self": 18.235057599999827,
                                            "children": {
                                                "steps_from_proto": {
                                                    "total": 0.0003165000000002749,
                                                    "count": 1,
                                                    "is_parallel": true,
                                                    "self": 0.00011310000000008813,