{
    "name": "root",
    "gauges": {
        "Car3.Policy.Entropy.mean": {
            "value": 1.3919336795806885,
            "min": 1.3919336795806885,
            "max": 1.3919336795806885,
            "count": 1
        },
        "Car3.Policy.Entropy.sum": {
            "value": 20524.0625,
            "min": 20524.0625,
            "max": 20524.0625,
            "count": 1
        },
        "Car3.Environment.EpisodeLength.mean": {
            "value": 704.6666666666666,
            "min": 704.6666666666666,
            "max": 704.6666666666666,
            "count": 1
        },
        "Car3.Environment.EpisodeLength.sum": {
            "value": 10570.0,
            "min": 10570.0,
            "max": 10570.0,
            "count": 1
        },
        "Car3.Step.mean": {
            "value": 1699963.0,
            "min": 1699963.0,
            "max": 1699963.0,
            "count": 1
        },
        "Car3.Step.sum": {
            "value": 1699963.0,
            "min": 1699963.0,
            "max": 1699963.0,
            "count": 1
        },
        "Car3.Policy.ExtrinsicValueEstimate.mean": {
            "value": -3.74959659576416,
            "min": -3.74959659576416,
            "max": -3.74959659576416,
            "count": 1
        },
        "Car3.Policy.ExtrinsicValueEstimate.sum": {
            "value": -873.656005859375,
            "min": -873.656005859375,
            "max": -873.656005859375,
            "count": 1
        },
        "Car3.Environment.CumulativeReward.mean": {
            "value": 6.630376742283503,
            "min": 6.630376742283503,
            "max": 6.630376742283503,
            "count": 1
        },
        "Car3.Environment.CumulativeReward.sum": {
            "value": 99.45565113425255,
            "min": 99.45565113425255,
            "max": 99.45565113425255,
            "count": 1
        },
        "Car3.Policy.ExtrinsicReward.mean": {
            "value": 6.630376742283503,
            "min": 6.630376742283503,
            "max": 6.630376742283503,
            "count": 1
        },
        "Car3.Policy.ExtrinsicReward.sum": {
            "value": 99.45565113425255,
            "min": 99.45565113425255,
            "max": 99.45565113425255,
            "count": 1
        },
        "Car3.Losses.PolicyLoss.mean": {
            "value": 0.018661026348612116,
            "min": 0.018661026348612116,
            "max": 0.018661026348612116,
            "count": 1
        },
        "Car3.Losses.PolicyLoss.sum": {
            "value": 0.018661026348612116,
            "min": 0.018661026348612116,
            "max": 0.018661026348612116,
            "count": 1
        },
        "Car3.Losses.ValueLoss.mean": {
            "value": 12.080784543355305,
            "min": 12.080784543355305,
            "max": 12.080784543355305,
            "count": 1
        },
        "Car3.Losses.ValueLoss.sum": {
            "value": 12.080784543355305,
            "min": 12.080784543355305,
            "max": 12.080784543355305,
            "count": 1
        },
        "Car3.Policy.LearningRate.mean": {
            "value": 0.00019824897391701996,
            "min": 0.00019824897391701996,
            "max": 0.00019824897391701996,
            "count": 1
        },
        "Car3.Policy.LearningRate.sum": {
            "value": 0.00019824897391701996,
            "min": 0.00019824897391701996,
            "max": 0.00019824897391701996,
            "count": 1
        },
        "Car3.Policy.Epsilon.mean": {
            "value": 0.16608297999999994,
            "min": 0.16608297999999994,
            "max": 0.16608297999999994,
            "count": 1
        },
        "Car3.Policy.Epsilon.sum": {
            "value": 0.16608297999999994,
            "min": 0.16608297999999994,
            "max": 0.16608297999999994,
            "count": 1
        },
        "Car3.Policy.Beta.mean": {
            "value": 0.0033075407019999997,
            "min": 0.0033075407019999997,
            "max": 0.0033075407019999997,
            "count": 1
        },
        "Car3.Policy.Beta.sum": {
            "value": 0.0033075407019999997,
            "min": 0.0033075407019999997,
            "max": 0.0033075407019999997,
            "count": 1
        },
        "Car3.IsTraining.mean": {
            "value": 1.0,
            "min": 1.0,
            "max": 1.0,
            "count": 1
        },
        "Car3.IsTraining.sum": {
            "value": 1.0,
            "min": 1.0,
            "max": 1.0,
            "count": 1
        }
    },
    "metadata": {
        "timer_format_version": "0.1.0",
        "start_time_seconds": "1702559919",
        "python_version": "3.9.13 (tags/v3.9.13:6de2ca5, May 17 2022, 16:36:42) [MSC v.1929 64 bit (AMD64)]",
        "command_line_arguments": "C:\\Users\\nikol\\Unity_Projects\\MlAgents\\venv\\Scripts\\mlagents-learn C:\\Users\\nikol\\Unity_Projects\\MlAgents\\results\\pedestrianTest\\configuration.yaml --run-id=pedestrianTest --resume",
        "mlagents_version": "0.30.0",
        "mlagents_envs_version": "0.30.0",
        "communication_protocol_version": "1.5.0",
        "pytorch_version": "2.1.0+cpu",
        "numpy_version": "1.21.2",
        "end_time_seconds": "1702560002"
    },
    "total": 83.0955788,
    "count": 1,
    "self": 0.004047199999988038,
    "children": {
        "run_training.setup": {
            "total": 0.07853310000000002,
            "count": 1,
            "self": 0.07853310000000002
        },
        "TrainerController.start_learning": {
            "total": 83.01299850000001,
            "count": 1,
            "self": 0.11464359999996532,
            "children": {
                "TrainerController._reset_env": {
                    "total": 8.8257917,
                    "count": 1,
                    "self": 8.8257917
                },
                "TrainerController.advance": {
                    "total": 73.98569170000005,
                    "count": 6714,
                    "self": 0.09853770000034956,
                    "children": {
                        "env_step": {
                            "total": 66.30440639999995,
                            "count": 6714,
                            "self": 61.48681189999998,
                            "children": {
                                "SubprocessEnvManager._take_step": {
                                    "total": 4.746233300000117,
                                    "count": 6714,
                                    "self": 0.3125320000002745,
                                    "children": {
                                        "TorchPolicy.evaluate": {
                                            "total": 4.433701299999843,
                                            "count": 6706,
                                            "self": 4.433701299999843
                                        }
                                    }
                                },
                                "workers": {
                                    "total": 0.07136119999985624,
                                    "count": 6713,
                                    "self": 0.0,
                                    "children": {
                                        "worker_root": {
                                            "total": 63.991208399999906,
                                            "count": 6713,
                                            "is_parallel": true,
                                            "self": 18.622240399999612,
                                            "children": {
                                                "steps_from_proto": {
                                                    "total": 0.0011658000000007718,
                                                    "count": 1,
                                                    "is_parallel": true,
                                                    "self": 9.63000000009373e-05,