{
    "name": "root",
    "gauges": {
        "Car3.Policy.Entropy.mean": {
            "value": 1.407121181488037,
            "min": 1.4065070152282715,
            "max": 1.4110909700393677,
            "count": 11
        },
        "Car3.Policy.Entropy.sum": {
            "value": 70025.3828125,
            "min": 37118.7265625,
            "max": 70809.0859375,
            "count": 11
        },
        "Car3.Step.mean": {
            "value": 949982.0,
            "min": 449947.0,
            "max": 949982.0,
            "count": 11
        },
        "Car3.Step.sum": {
            "value": 949982.0,
            "min": 449947.0,
            "max": 949982.0,
            "count": 11
        },
        "Car3.Policy.ExtrinsicValueEstimate.mean": {
            "value": 5.918209552764893,
            "min": -3.406733989715576,
            "max": 5.918209552764893,
            "count": 11
        },
        "Car3.Policy.ExtrinsicValueEstimate.sum": {
            "value": 5054.15087890625,
            "min": -2779.89501953125,
            "max": 5054.15087890625,
            "count": 11
        },
        "Car3.Environment.EpisodeLength.mean": {
            "value": 308.03125,
            "min": 257.8205128205128,
            "max": 1000.0,
            "count": 11
        },
        "Car3.Environment.EpisodeLength.sum": {
            "value": 49285.0,
            "min": 18810.0,
            "max": 57775.0,
            "count": 11
        },
        "Car3.Environment.CumulativeReward.mean": {
            "value": 71.75359036568553,
            "min": 40.1426903423667,
            "max": 73.20480211982222,
            "count": 11
        },
        "Car3.Environment.CumulativeReward.sum": {
            "value": 11480.574458509684,
            "min": 1054.9525386691093,
            "max": 13939.089152678847,
            "count": 11
        },
        "Car3.Policy.ExtrinsicReward.mean": {
            "value": 71.75359036568553,
            "min": 40.1426903423667,
            "max": 73.20480211982222,
            "count": 11
        },
        "Car3.Policy.ExtrinsicReward.sum": {
            "value": 11480.574458509684,
            "min": 1054.9525386691093,
            "max": 13939.089152678847,
            "count": 11
        },
        "Car3.Losses.PolicyLoss.mean": {
            "value": 0.0249910439553787,
            "min": 0.02154703792165189,
            "max": 0.0249910439553787,
            "count": 11
        },
        "Car3.Losses.PolicyLoss.sum": {
            "value": 0.1249552197768935,
            "min": 0.043981233408218634,
            "max": 0.1249552197768935,
            "count": 11
        },
        "Car3.Losses.ValueLoss.mean": {
            "value": 22.80863447825114,
            "min": 10.019219013055165,
            "max": 28.31130913098653,
            "count": 11
        },
        "Car3.Losses.ValueLoss.sum": {
            "value": 114.0431723912557,
            "min": 34.46152590115865,
            "max": 114.0431723912557,
            "count": 11
        },
        "Car3.Policy.LearningRate.mean": {
            "value": 0.00024462355845881995,
            "min": 0.00024462355845881995,
            "max": 0.0002736378987873699,
            "count": 11
        },
        "Car3.Policy.LearningRate.sum": {
            "value": 0.0012231177922940998,
            "min": 0.0005472757975747398,
            "max": 0.0013572996475668,
            "count": 11
        },
        "Car3.Policy.Epsilon.mean": {
            "value": 0.18154118000000005,
            "min": 0.18154118000000005,
            "max": 0.19121263,
            "count": 11
        },
        "Car3.Policy.Epsilon.sum": {
            "value": 0.9077059000000003,
            "min": 0.38242526,
            "max": 0.9524332,
            "count": 11
        },
        "Car3.Policy.Beta.mean": {
            "value": 0.004078904882,
            "min": 0.004078904882,
            "max": 0.004561510237,
            "count": 11
        },
        "Car3.Policy.Beta.sum": {
            "value": 0.020394524410000003,
            "min": 0.009123020474,
            "max": 0.02262641668,
            "count": 11
        },
        "Car3.IsTraining.mean": {
            "value": 1.0,
            "min": 1.0,
            "max": 1.0,
            "count": 11
        },
        "Car3.IsTraining.sum": {
            "value": 1.0,
            "min": 1.0,
            "max": 1.0,
            "count": 11
        }
    },
    "metadata": {
        "timer_format_version": "0.1.0",
        "start_time_seconds": "1702506370",
        "python_version": "3.9.13 (tags/v3.9.13:6de2ca5, May 17 2022, 16:36:42) [MSC v.1929 64 bit (AMD64)]",
        "command_line_arguments": "C:\\Users\\nikol\\Unity_Projects\\MlAgents\\venv\\Scripts\\mlagents-learn C:\\Users\\nikol\\Unity_Projects\\MlAgents\\results\\pedestrianTest\\configuration.yaml --run-id=pedestrianTest --resume",
        "mlagents_version": "0.30.0",
        "mlagents_envs_version": "0.30.0",
        "communication_protocol_version": "1.5.0",
        "pytorch_version": "2.1.0+cpu",
        "numpy_version": "1.21.2",
        "end_time_seconds": "1702507424"
    },
    "total": 1053.6652853,
    "count": 1,
    "self": 0.005121600000165927,
    "children": {
        "run_training.setup": {
            "total": 0.08027229999999985,
            "count": 1,
            "self": 0.08027229999999985
        },
        "TrainerController.start_learning": {
            "total": 1053.5798914,
            "count": 1,
            "self": 2.0805415999946035,
            "children": {
                "TrainerController._reset_env": {
                    "total": 6.0005370000000005,
                    "count": 1,
                    "self": 6.0005370000000005
                },
                "TrainerController.advance": {
                    "total": 1045.4517263000055,
                    "count": 109406,
                    "self": 1.834283199983929,
                    "children": {
                        "env_step": {
                            "total": 902.682950000028,
                            "count": 109406,
                            "self": 816.6791266000305,
                            "children": {
                                "SubprocessEnvManager._take_step": {
                                    "total": 84.7130259000009,
                                    "count": 109407,
                                    "self": 5.688000599996627,
                                    "children": {
                                        "TorchPolicy.evaluate": {
                                            "total": 79.02502530000427,
                                            "count": 109256,
                                            "self": 79.02502530000427
                                        }
                                    }
                                },
                                "workers": {
                                    "total": 1.2907974999965397,
                                    "count": 109405,
                                    "self": 0.0,
                                    "children": {
                                        "worker_root": {
                                            "total": 1037.288731199999,
                                            "count": 109405,
                                            "is_parallel": true,
                                            "self": 334.5276600000003,
                                            "children": {
                                                "steps_from_proto": {
                                                    "total": 0.0022725000000001216,
                                                    "count": 2,
                                                    "is_parallel": true,
                                                    "self": 0.00016630000000006362,