{
    "name": "root",
    "gauges": {
        "Car3.Policy.Entropy.mean": {
            "value": 1.0582692623138428,
            "min": 1.0582692623138428,
            "max": 1.3374637365341187,
            "count": 52
        },
        "Car3.Policy.Entropy.sum": {
            "value": 52839.3828125,
            "min": 52839.3828125,
            "max": 66926.6875,
            "count": 52
        },
        "Car3.Environment.EpisodeLength.mean": {
            "value": 45.23148148148148,
            "min": 45.2037037037037,
            "max": 49.04,
            "count": 52
        },
        "Car3.Environment.EpisodeLength.sum": {
            "value": 48850.0,
            "min": 48650.0,
            "max": 49320.0,
            "count": 52
        },
        "Car3.Step.mean": {
            "value": 3099956.0,
            "min": 549960.0,
            "max": 3099956.0,
            "count": 52
        },
        "Car3.Step.sum": {
            "value": 3099956.0,
            "min": 549960.0,
            "max": 3099956.0,
            "count": 52
        },
        "Car3.Policy.ExtrinsicValueEstimate.mean": {
            "value": 47.847564697265625,
            "min": 45.18122100830078,
            "max": 47.94321823120117,
            "count": 52
        },
        "Car3.Policy.ExtrinsicValueEstimate.sum": {
            "value": 51723.21875,
            "min": 45226.40234375,
            "max": 51922.50390625,
            "count": 52
        },
        "Car3.Environment.CumulativeReward.mean": {
            "value": 88.49174293426316,
            "min": 87.87715399922914,
            "max": 88.50171303638398,
            "count": 52
        },
        "Car3.Environment.CumulativeReward.sum": {
            "value": 95659.57411193848,
            "min": 87613.52253723145,
            "max": 95813.04595947266,
            "count": 52
        },
        "Car3.Policy.ExtrinsicReward.mean": {
            "value": 88.49174293426316,
            "min": 87.87715399922914,
            "max": 88.50171303638398,
            "count": 52
        },
        "Car3.Policy.ExtrinsicReward.sum": {
            "value": 95659.57411193848,
            "min": 87613.52253723145,
            "max": 95813.04595947266,
            "count": 52
        },
        "Car3.Losses.PolicyLoss.mean": {
            "value": 0.020218162069431854,
            "min": 0.020218162069431854,
            "max": 0.026748417785856876,
            "count": 52
        },
        "Car3.Losses.PolicyLoss.sum": {
            "value": 0.08087264827772742,
            "min": 0.08087264827772742,
            "max": 0.13374208892928438,
            "count": 52
        },
        "Car3.Losses.ValueLoss.mean": {
            "value": 0.3966515111426512,
            "min": 0.3518772186835607,
            "max": 2.4994367231925327,
            "count": 52
        },
        "Car3.Losses.ValueLoss.sum": {
            "value": 1.5866060445706047,
            "min": 1.4153185824553172,
            "max": 12.041505833466847,
            "count": 52
        },
        "Car3.Policy.LearningRate.mean": {
            "value": 0.00011544636151789999,
            "min": 0.00011544636151789999,
            "max": 0.00026841886052705,
            "count": 52
        },
        "Car3.Policy.LearningRate.sum": {
            "value": 0.00046178544607159994,
            "min": 0.00046178544607159994,
            "max": 0.0013279224573592,
            "count": 52
        },
        "Car3.Policy.Epsilon.mean": {
            "value": 0.1384821,
            "min": 0.1384821,
            "max": 0.18947295000000006,
            "count": 52
        },
        "Car3.Policy.Epsilon.sum": {
            "value": 0.5539284,
            "min": 0.5539284,
            "max": 0.9426408000000002,
            "count": 52
        },
        "Car3.Policy.Beta.mean": {
            "value": 0.0019302567900000003,
            "min": 0.0019302567900000003,
            "max": 0.0044747002049999995,
            "count": 52
        },
        "Car3.Policy.Beta.sum": {
            "value": 0.007721027160000001,
            "min": 0.007721027160000001,
            "max": 0.022137775920000005,
            "count": 52
        },
        "Car3.IsTraining.mean": {
            "value": 1.0,
            "min": 1.0,
            "max": 1.0,
            "count": 52
        },
        "Car3.IsTraining.sum": {
            "value": 1.0,
            "min": 1.0,
            "max": 1.0,
            "count": 52
        }
    },
    "metadata": {
        "timer_format_version": "0.1.0",
        "start_time_seconds": "1701795505",
        "python_version": "3.9.13 (tags/v3.9.13:6de2ca5, May 17 2022, 16:36:42) [MSC v.1929 64 bit (AMD64)]",
        "command_line_arguments": "C:\\Users\\nikol\\Unity_Projects\\MlAgents\\venv\\Scripts\\mlagents-learn C:\\Users\\nikol\\Unity_Projects\\MlAgents\\results\\Yellow\\configuration.yaml --run-id=Yellow --resume",
        "mlagents_version": "0.30.0",
        "mlagents_envs_version": "0.30.0",
        "communication_protocol_version": "1.5.0",
        "pytorch_version": "2.1.0+cpu",
        "numpy_version": "1.21.2",
        "end_time_seconds": "1701797837"
    },
    "total": 2331.5386564,
    "count": 1,
    "self": 0.0037965000001349836,
    "children": {
        "run_training.setup": {
            "total": 0.07786489999999979,
            "count": 1,
            "self": 0.07786489999999979
        },
        "TrainerController.start_learning": {
            "total": 2331.456995,
            "count": 1,
            "self": 4.438901599994097,
            "children": {
                "TrainerController._reset_env": {
                    "total": 5.3914171,
                    "count": 1,
                    "self": 5.3914171
                },
                "TrainerController.advance": {
                    "total": 2321.5911616000058,
                    "count": 267561,
                    "self": 4.2913964998883785,
                    "children": {
                        "env_step": {
                            "total": 1877.8176361000785,
                            "count": 267561,
                            "self": 1702.6515389000729,
                            "children": {
                                "SubprocessEnvManager._take_step": {
                                    "total": 172.29808470001163,
                                    "count": 267561,
                                    "self": 18.035914300054458,
                                    "children": {
                                        "TorchPolicy.evaluate": {
                                            "total": 154.26217039995717,
                                            "count": 261964,
                                            "self": 154.26217039995717
                                        }
                                    }
                                },
                                "workers": {
                                    "total": 2.868012499994026,
                                    "count": 267560,
                                    "self": 0.0,
                                    "children": {
                                        "worker_root": {
                                            "total": 2320.1304553000214,
                                            "count": 267560,
                                            "is_parallel": true,
                                            "self": 847.6804269999757,
                                            "children": {
                                                "steps_from_proto": {
                                                    "total": 0.000344000000000122,
                                                    "count": 1,
                                                    "is_parallel": true,
                                                    "self": 8.63000000004277e-05,