{
    "name": "root",
    "gauges": {
        "TestBehavior.Policy.Entropy.mean": {
            "value": 1.3882057666778564,
            "min": 1.3882057666778564,
            "max": 1.417230486869812,
            "count": 8
        },
        "TestBehavior.Policy.Entropy.sum": {
            "value": 69438.0546875,
            "min": 69438.0546875,
            "max": 71130.796875,
            "count": 8
        },
        "TestBehavior.Environment.EpisodeLength.mean": {
            "value": 284.76271186440675,
            "min": 27.917919075144507,
            "max": 823.8064516129032,
            "count": 8
        },
        "TestBehavior.Environment.EpisodeLength.sum": {
            "value": 50403.0,
            "min": 45991.0,
            "max": 51653.0,
            "count": 8
        },
        "TestBehavior.Step.mean": {
            "value": 399951.0,
            "min": 49990.0,
            "max": 399951.0,
            "count": 8
        },
        "TestBehavior.Step.sum": {
            "value": 399951.0,
            "min": 49990.0,
            "max": 399951.0,
            "count": 8
        },
        "TestBehavior.Policy.ExtrinsicValueEstimate.mean": {
            "value": 3.111351490020752,
            "min": -1.7421658039093018,
            "max": 3.111351490020752,
            "count": 8
        },
        "TestBehavior.Policy.ExtrinsicValueEstimate.sum": {
            "value": 2719.3212890625,
            "min": -3012.20458984375,
            "max": 2719.3212890625,
            "count": 8
        },
        "TestBehavior.Environment.CumulativeReward.mean": {
            "value": 10.0,
            "min": -2.0,
            "max": 10.0,
            "count": 8
        },
        "TestBehavior.Environment.CumulativeReward.sum": {
            "value": 1770.0,
            "min": -3458.0,
            "max": 1770.0,
            "count": 8
        },
        "TestBehavior.Policy.ExtrinsicReward.mean": {
            "value": 10.0,
            "min": -2.0,
            "max": 10.0,
            "count": 8
        },
        "TestBehavior.Policy.ExtrinsicReward.sum": {
            "value": 1770.0,
            "min": -3458.0,
            "max": 1770.0,
            "count": 8
        },
        "TestBehavior.Losses.PolicyLoss.mean": {
            "value": 0.023955626921573034,
            "min": 0.022839166629128157,
            "max": 0.025748178714420644,
            "count": 8
        },
        "TestBehavior.Losses.PolicyLoss.sum": {
            "value": 0.09582250768629214,
            "min": 0.09582250768629214,
            "max": 0.12874089357210322,
            "count": 8
        },
        "TestBehavior.Losses.ValueLoss.mean": {
            "value": 0.035498748424773414,
            "min": 0.002224480813990037,
            "max": 0.22651876211166383,
            "count": 8
        },
        "TestBehavior.Losses.ValueLoss.sum": {
            "value": 0.14199499369909366,
            "min": 0.011122404069950183,
            "max": 1.132593810558319,
            "count": 8
        },
        "TestBehavior.Policy.LearningRate.mean": {
            "value": 7.519732493425e-05,
            "min": 7.519732493425e-05,
            "max": 0.00028461345512885005,
            "count": 8
        },
        "TestBehavior.Policy.LearningRate.sum": {
            "value": 0.000300789299737,
            "min": 0.000300789299737,
            "max": 0.0012845700718099996,
            "count": 8
        },
        "TestBehavior.Policy.Epsilon.mean": {
            "value": 0.12506575000000003,
            "min": 0.12506575000000003,
            "max": 0.19487115,
            "count": 8
        },
        "TestBehavior.Policy.Epsilon.sum": {
            "value": 0.5002630000000001,
            "min": 0.5002630000000001,
            "max": 0.9281900000000001,
            "count": 8
        },
        "TestBehavior.Policy.Beta.mean": {
            "value": 0.001260780925,
            "min": 0.001260780925,
            "max": 0.004744070385,
            "count": 8
        },
        "TestBehavior.Policy.Beta.sum": {
            "value": 0.0050431237,
            "min": 0.0050431237,
            "max": 0.021416681000000003,
            "count": 8
        },
        "TestBehavior.IsTraining.mean": {
            "value": 1.0,
            "min": 1.0,
            "max": 1.0,
            "count": 8
        },
        "TestBehavior.IsTraining.sum": {
            "value": 1.0,
            "min": 1.0,
            "max": 1.0,
            "count": 8
        }
    },
    "metadata": {
        "timer_format_version": "0.1.0",
        "start_time_seconds": "1697652728",
        "python_version": "3.9.13 (tags/v3.9.13:6de2ca5, May 17 2022, 16:36:42) [MSC v.1929 64 bit (AMD64)]",
        "command_line_arguments": "C:\\Users\\nikol\\Unity_Projects\\MlAgents\\venv\\Scripts\\mlagents-learn --force",
        "mlagents_version": "0.30.0",
        "mlagents_envs_version": "0.30.0",
        "communication_protocol_version": "1.5.0",
        "pytorch_version": "2.1.0+cpu",
        "numpy_version": "1.21.2",
        "end_time_seconds": "1697653063"
    },
    "total": 335.8619408,
    "count": 1,
    "self": 0.003682099999991806,
    "children": {
        "run_training.setup": {
            "total": 0.0416631999999999,
            "count": 1,
            "self": 0.0416631999999999
        },
        "TrainerController.start_learning": {
            "total": 335.8165955,
            "count": 1,
            "self": 0.7422920999989628,
            "children": {
                "TrainerController._reset_env": {
                    "total": 21.020336,
                    "count": 1,
                    "self": 21.020336
                },
                "TrainerController.advance": {
                    "total": 313.99166990000106,
                    "count": 47635,
                    "self": 0.6437857000040594,
                    "children": {
                        "env_step": {
                            "total": 228.96245120000074,
                            "count": 47635,
                            "self": 202.28462690001075,
                            "children": {
                                "SubprocessEnvManager._take_step": {
                                    "total": 26.201108999988126,
                                    "count": 47635,
                                    "self": 1.9787008999867801,
                                    "children": {
                                        "TorchPolicy.evaluate": {
                                            "total": 24.222408100001346,
                                            "count": 44172,
                                            "self": 24.222408100001346
                                        }
                                    }
                                },
                                "workers": {
                                    "total": 0.47671530000186024,
                                    "count": 47635,
                                    "self": 0.0,
                                    "children": {
                                        "worker_root": {
                                            "total": 313.6867359000001,
                                            "count": 47635,
                                            "is_parallel": true,
                                            "self": 149.89677609999774,
                                            "children": {
                                                "steps_from_proto": {
                                                    "total": 0.0003378999999981147,
                                                    "count": 1,
                                                    "is_parallel": true,
                                                    "self": 8.97999999978083e-05,