{
    "name": "root",
    "gauges": {
        "TestBehavior.Policy.Entropy.mean": {
            "value": 1.4176114797592163,
            "min": 1.4176114797592163,
            "max": 1.4176114797592163,
            "count": 1
        },
        "TestBehavior.Policy.Entropy.sum": {
            "value": 70884.828125,
            "min": 70884.828125,
            "max": 70884.828125,
            "count": 1
        },
        "TestBehavior.Environment.EpisodeLength.mean": {
            "value": 7.991728106455674,
            "min": 7.991728106455674,
            "max": 7.991728106455674,
            "count": 1
        },
        "TestBehavior.Environment.EpisodeLength.sum": {
            "value": 44442.0,
            "min": 44442.0,
            "max": 44442.0,
            "count": 1
        },
        "TestBehavior.Step.mean": {
            "value": 49995.0,
            "min": 49995.0,
            "max": 49995.0,
            "count": 1
        },
        "TestBehavior.Step.sum": {
            "value": 49995.0,
            "min": 49995.0,
            "max": 49995.0,
            "count": 1
        },
        "TestBehavior.Policy.ExtrinsicValueEstimate.mean": {
            "value": -4.542302131652832,
            "min": -4.542302131652832,
            "max": -4.542302131652832,
            "count": 1
        },
        "TestBehavior.Policy.ExtrinsicValueEstimate.sum": {
            "value": -25255.19921875,
            "min": -25255.19921875,
            "max": -25255.19921875,
            "count": 1
        },
        "TestBehavior.Environment.CumulativeReward.mean": {
            "value": -2.0,
            "min": -2.0,
            "max": -2.0,
            "count": 1
        },
        "TestBehavior.Environment.CumulativeReward.sum": {
            "value": -11120.0,
            "min": -11120.0,
            "max": -11120.0,
            "count": 1
        },
        "TestBehavior.Policy.ExtrinsicReward.mean": {
            "value": -2.0,
            "min": -2.0,
            "max": -2.0,
            "count": 1
        },
        "TestBehavior.Policy.ExtrinsicReward.sum": {
            "value": -11120.0,
            "min": -11120.0,
            "max": -11120.0,
            "count": 1
        },
        "TestBehavior.Losses.PolicyLoss.mean": {
            "value": 0.02438862645746364,
            "min": 0.02438862645746364,
            "max": 0.02438862645746364,
            "count": 1
        },
        "TestBehavior.Losses.PolicyLoss.sum": {
            "value": 0.09755450582985456,
            "min": 0.09755450582985456,
            "max": 0.09755450582985456,
            "count": 1
        },
        "TestBehavior.Losses.ValueLoss.mean": {
            "value": 2.61815043897368,
            "min": 2.61815043897368,
            "max": 2.61815043897368,
            "count": 1
        },
        "TestBehavior.Losses.ValueLoss.sum": {
            "value": 10.47260175589472,
            "min": 10.47260175589472,
            "max": 10.47260175589472,
            "count": 1
        },
        "TestBehavior.Policy.LearningRate.mean": {
            "value": 0.00028463205512265004,
            "min": 0.00028463205512265004,
            "max": 0.00028463205512265004,
            "count": 1
        },
        "TestBehavior.Policy.LearningRate.sum": {
            "value": 0.0011385282204906001,
            "min": 0.0011385282204906001,
            "max": 0.0011385282204906001,
            "count": 1
        },
        "TestBehavior.Policy.Epsilon.mean": {
            "value": 0.19487735000000003,
            "min": 0.19487735000000003,
            "max": 0.19487735000000003,
            "count": 1
        },
        "TestBehavior.Policy.Epsilon.sum": {
            "value": 0.7795094000000001,
            "min": 0.7795094000000001,
            "max": 0.7795094000000001,
            "count": 1
        },
        "TestBehavior.Policy.Beta.mean": {
            "value": 0.004744379764999999,
            "min": 0.004744379764999999,
            "max": 0.004744379764999999,
            "count": 1
        },
        "TestBehavior.Policy.Beta.sum": {
            "value": 0.018977519059999996,
            "min": 0.018977519059999996,
            "max": 0.018977519059999996,
            "count": 1
        },
        "TestBehavior.IsTraining.mean": {
            "value": 1.0,
            "min": 1.0,
            "max": 1.0,
            "count": 1
        },
        "TestBehavior.IsTraining.sum": {
            "value": 1.0,
            "min": 1.0,
            "max": 1.0,
            "count": 1
        }
    },
    "metadata": {
        "timer_format_version": "0.1.0",
        "start_time_seconds": "1697584352",
        "python_version": "3.9.13 (tags/v3.9.13:6de2ca5, May 17 2022, 16:36:42) [MSC v.1929 64 bit (AMD64)]",
        "command_line_arguments": "C:\\Users\\nikol\\Unity_Projects\\MlAgents\\venv\\Scripts\\mlagents-learn --run-id=test5",
        "mlagents_version": "0.30.0",
        "mlagents_envs_version": "0.30.0",
        "communication_protocol_version": "1.5.0",
        "pytorch_version": "2.1.0+cpu",
        "numpy_version": "1.21.2",
        "end_time_seconds": "1697584694"
    },
    "total": 342.0845246,
    "count": 1,
    "self": 0.004305000000044856,
    "children": {
        "run_training.setup": {
            "total": 0.02407300000000001,
            "count": 1,
            "self": 0.02407300000000001
        },
        "TrainerController.start_learning": {
            "total": 342.0561466,
            "count": 1,
            "self": 0.9935459999970817,
            "children": {
                "TrainerController._reset_env": {
                    "total": 8.966935099999999,
                    "count": 1,
                    "self": 8.966935099999999
                },
                "TrainerController.advance": {
                    "total": 332.0384751000029,
                    "count": 58894,
                    "self": 0.8507728000034831,
                    "children": {
                        "env_step": {
                            "total": 315.16611299999823,
                            "count": 58894,
                            "self": 284.7730730999924,
                            "children": {
                                "SubprocessEnvManager._take_step": {
                                    "total": 29.773764500003765,
                                    "count": 58894,
                                    "self": 2.3670984000077695,
                                    "children": {
                                        "TorchPolicy.evaluate": {
                                            "total": 27.406666099995995,
                                            "count": 54101,
                                            "self": 27.406666099995995
                                        }
                                    }
                                },
                                "workers": {
                                    "total": 0.6192754000020262,
                                    "count": 58893,
                                    "self": 0.0,
                                    "children": {
                                        "worker_root": {
                                            "total": 265.68519319999916,
                                            "count": 58893,
                                            "is_parallel": true,
                                            "self": 85.66925949999967,
                                            "children": {
                                                "steps_from_proto": {
                                                    "total": 0.0002384000000006381,
                                                    "count": 1,
                                                    "is_parallel": true,
                                                    "self": 7.620000000052585e-05,