{
    "name": "root",
    "gauges": {
        "TestBehavior.Policy.Entropy.mean": {
            "value": 1.4406182765960693,
            "min": 1.419541835784912,
            "max": 1.4406182765960693,
            "count": 4
        },
        "TestBehavior.Policy.Entropy.sum": {
            "value": 71987.6953125,
            "min": 71076.4609375,
            "max": 71987.6953125,
            "count": 4
        },
        "TestBehavior.Environment.EpisodeLength.mean": {
            "value": 17.22667638483965,
            "min": 14.230886384404508,
            "max": 17.22667638483965,
            "count": 4
        },
        "TestBehavior.Environment.EpisodeLength.sum": {
            "value": 47270.0,
            "min": 46720.0,
            "max": 47270.0,
            "count": 4
        },
        "TestBehavior.Step.mean": {
            "value": 199986.0,
            "min": 49987.0,
            "max": 199986.0,
            "count": 4
        },
        "TestBehavior.Step.sum": {
            "value": 199986.0,
            "min": 49987.0,
            "max": 199986.0,
            "count": 4
        },
        "TestBehavior.Policy.ExtrinsicValueEstimate.mean": {
            "value": -1.8038161993026733,
            "min": -1.8531526327133179,
            "max": 8.701062202453613,
            "count": 4
        },
        "TestBehavior.Policy.ExtrinsicValueEstimate.sum": {
            "value": -4947.86767578125,
            "min": -5965.29833984375,
            "max": 28556.88671875,
            "count": 4
        },
        "TestBehavior.Environment.CumulativeReward.mean": {
            "value": -2.0,
            "min": -2.0,
            "max": -2.0,
            "count": 4
        },
        "TestBehavior.Environment.CumulativeReward.sum": {
            "value": -5486.0,
            "min": -6564.0,
            "max": -5486.0,
            "count": 4
        },
        "TestBehavior.Policy.ExtrinsicReward.mean": {
            "value": -2.0,
            "min": -2.0,
            "max": -2.0,
            "count": 4
        },
        "TestBehavior.Policy.ExtrinsicReward.sum": {
            "value": -5486.0,
            "min": -6564.0,
            "max": -5486.0,
            "count": 4
        },
        "TestBehavior.Losses.PolicyLoss.mean": {
            "value": 0.023742913162180534,
            "min": 0.02339456530443082,
            "max": 0.027859485731460153,
            "count": 4
        },
        "TestBehavior.Losses.PolicyLoss.sum": {
            "value": 0.11871456581090267,
            "min": 0.11143794292584061,
            "max": 0.12248122674257804,
            "count": 4
        },
        "TestBehavior.Losses.ValueLoss.mean": {
            "value": 0.010715387500822545,
            "min": 0.006372487057621281,
            "max": 47.60266322102398,
            "count": 4
        },
        "TestBehavior.Losses.ValueLoss.sum": {
            "value": 0.05357693750411272,
            "min": 0.0318624352881064,
            "max": 190.41065288409592,
            "count": 4
        },
        "TestBehavior.Policy.LearningRate.mean": {
            "value": 0.00019543107485632002,
            "min": 0.00019543107485632002,
            "max": 0.00028462605512464997,
            "count": 4
        },
        "TestBehavior.Policy.LearningRate.sum": {
            "value": 0.0009771553742816,
            "min": 0.0009771553742816,
            "max": 0.0012847056717647997,
            "count": 4
        },
        "TestBehavior.Policy.Epsilon.mean": {
            "value": 0.16514368000000004,
            "min": 0.16514368000000004,
            "max": 0.19487535000000003,
            "count": 4
        },
        "TestBehavior.Policy.Epsilon.sum": {
            "value": 0.8257184000000002,
            "min": 0.7795014000000001,
            "max": 0.9282351999999999,
            "count": 4
        },
        "TestBehavior.Policy.Beta.mean": {
            "value": 0.0032606696320000004,
            "min": 0.0032606696320000004,
            "max": 0.004744279965,
            "count": 4
        },
        "TestBehavior.Policy.Beta.sum": {
            "value": 0.01630334816,
            "min": 0.01630334816,
            "max": 0.021418936479999994,
            "count": 4
        },
        "TestBehavior.IsTraining.mean": {
            "value": 1.0,
            "min": 1.0,
            "max": 1.0,
            "count": 4
        },
        "TestBehavior.IsTraining.sum": {
            "value": 1.0,
            "min": 1.0,
            "max": 1.0,
            "count": 4
        }
    },
    "metadata": {
        "timer_format_version": "0.1.0",
        "start_time_seconds": "1697583540",
        "python_version": "3.9.13 (tags/v3.9.13:6de2ca5, May 17 2022, 16:36:42) [MSC v.1929 64 bit (AMD64)]",
        "command_line_arguments": "C:\\Users\\nikol\\Unity_Projects\\MlAgents\\venv\\Scripts\\mlagents-learn --run-id=Test3",
        "mlagents_version": "0.30.0",
        "mlagents_envs_version": "0.30.0",
        "communication_protocol_version": "1.5.0",
        "pytorch_version": "2.1.0+cpu",
        "numpy_version": "1.21.2",
        "end_time_seconds": "1697583726"
    },
    "total": 185.9108101,
    "count": 1,
    "self": 0.005149599999981547,
    "children": {
        "run_training.setup": {
            "total": 0.024041199999999874,
            "count": 1,
            "self": 0.024041199999999874
        },
        "TrainerController.start_learning": {
            "total": 185.8816193,
            "count": 1,
            "self": 0.5391253000007907,
            "children": {
                "TrainerController._reset_env": {
                    "total": 8.8984113,
                    "count": 1,
                    "self": 8.8984113
                },
                "TrainerController.advance": {
                    "total": 176.37405899999922,
                    "count": 31532,
                    "self": 0.46464129999836246,
                    "children": {
                        "env_step": {
                            "total": 131.2239049000009,
                            "count": 31532,
                            "self": 117.45481869999777,
                            "children": {
                                "SubprocessEnvManager._take_step": {
                                    "total": 13.443014600002902,
                                    "count": 31532,
                                    "self": 1.0732699000026695,
                                    "children": {
                                        "TorchPolicy.evaluate": {
                                            "total": 12.369744700000233,
                                            "count": 21621,
                                            "self": 12.369744700000233
                                        }
                                    }
                                },
                                "workers": {
                                    "total": 0.3260716000002084,
                                    "count": 31531,
                                    "self": 0.0,
                                    "children": {
                                        "worker_root": {
                                            "total": 170.2009008999978,
                                            "count": 31531,
                                            "is_parallel": true,
                                            "self": 82.81337859999786,
                                            "children": {
                                                "steps_from_proto": {
                                                    "total": 0.0003097999999983614,
                                                    "count": 1,
                                                    "is_parallel": true,
                                                    "self": 0.00010749999999681847,