{
    "name": "root",
    "gauges": {
        "TestBehavior.Policy.Entropy.mean": {
            "value": 1.3959674835205078,
            "min": 1.3959674835205078,
            "max": 1.413554072380066,
            "count": 3
        },
        "TestBehavior.Policy.Entropy.sum": {
            "value": 69686.6953125,
            "min": 69686.6953125,
            "max": 70804.921875,
            "count": 3
        },
        "TestBehavior.Environment.EpisodeLength.mean": {
            "value": 54.903803131991054,
            "min": 27.175774647887323,
            "max": 54.903803131991054,
            "count": 3
        },
        "TestBehavior.Environment.EpisodeLength.sum": {
            "value": 49084.0,
            "min": 48237.0,
            "max": 49084.0,
            "count": 3
        },
        "TestBehavior.Step.mean": {
            "value": 149944.0,
            "min": 49981.0,
            "max": 149944.0,
            "count": 3
        },
        "TestBehavior.Step.sum": {
            "value": 149944.0,
            "min": 49981.0,
            "max": 149944.0,
            "count": 3
        },
        "TestBehavior.Policy.ExtrinsicValueEstimate.mean": {
            "value": -1.5808182954788208,
            "min": -6.868245601654053,
            "max": -1.5808182954788208,
            "count": 3
        },
        "TestBehavior.Policy.ExtrinsicValueEstimate.sum": {
            "value": -1503.358154296875,
            "min": -12184.267578125,
            "max": -1503.358154296875,
            "count": 3
        },
        "TestBehavior.Environment.CumulativeReward.mean": {
            "value": -2.0,
            "min": -2.0,
            "max": -2.0,
            "count": 3
        },
        "TestBehavior.Environment.CumulativeReward.sum": {
            "value": -1788.0,
            "min": -3548.0,
            "max": -1788.0,
            "count": 3
        },
        "TestBehavior.Policy.ExtrinsicReward.mean": {
            "value": -2.0,
            "min": -2.0,
            "max": -2.0,
            "count": 3
        },
        "TestBehavior.Policy.ExtrinsicReward.sum": {
            "value": -1788.0,
            "min": -3548.0,
            "max": -1788.0,
            "count": 3
        },
        "TestBehavior.Losses.PolicyLoss.mean": {
            "value": 0.025958678020009153,
            "min": 0.021108704613288863,
            "max": 0.025958678020009153,
            "count": 3
        },
        "TestBehavior.Losses.PolicyLoss.sum": {
            "value": 0.12979339010004576,
            "min": 0.08443481845315545,
            "max": 0.12979339010004576,
            "count": 3
        },
        "TestBehavior.Losses.ValueLoss.mean": {
            "value": 0.015135212801396847,
            "min": 0.015135212801396847,
            "max": 6.098118593396308,
            "count": 3
        },
        "TestBehavior.Losses.ValueLoss.sum": {
            "value": 0.07567606400698423,
            "min": 0.07567606400698423,
            "max": 24.39247437358523,
            "count": 3
        },
        "TestBehavior.Policy.LearningRate.mean": {
            "value": 0.00022612838462388003,
            "min": 0.00022612838462388003,
            "max": 0.0002845983051339,
            "count": 3
        },
        "TestBehavior.Policy.LearningRate.sum": {
            "value": 0.0011306419231194,
            "min": 0.0011306419231194,
            "max": 0.0012845052718315996,
            "count": 3
        },
        "TestBehavior.Policy.Epsilon.mean": {
            "value": 0.17537612,
            "min": 0.17537612,
            "max": 0.19486610000000001,
            "count": 3
        },
        "TestBehavior.Policy.Epsilon.sum": {
            "value": 0.8768806,
            "min": 0.7794644000000001,
            "max": 0.9281683999999998,
            "count": 3
        },
        "TestBehavior.Policy.Beta.mean": {
            "value": 0.003771268388,
            "min": 0.003771268388,
            "max": 0.0047438183900000005,
            "count": 3
        },
        "TestBehavior.Policy.Beta.sum": {
            "value": 0.01885634194,
            "min": 0.01885634194,
            "max": 0.02141560316,
            "count": 3
        },
        "TestBehavior.IsTraining.mean": {
            "value": 1.0,
            "min": 1.0,
            "max": 1.0,
            "count": 3
        },
        "TestBehavior.IsTraining.sum": {
            "value": 1.0,
            "min": 1.0,
            "max": 1.0,
            "count": 3
        }
    },
    "metadata": {
        "timer_format_version": "0.1.0",
        "start_time_seconds": "1697584708",
        "python_version": "3.9.13 (tags/v3.9.13:6de2ca5, May 17 2022, 16:36:42) [MSC v.1929 64 bit (AMD64)]",
        "command_line_arguments": "C:\\Users\\nikol\\Unity_Projects\\MlAgents\\venv\\Scripts\\mlagents-learn --run-id=test6",
        "mlagents_version": "0.30.0",
        "mlagents_envs_version": "0.30.0",
        "communication_protocol_version": "1.5.0",
        "pytorch_version": "2.1.0+cpu",
        "numpy_version": "1.21.2",
        "end_time_seconds": "1697584890"
    },
    "total": 181.3681402,
    "count": 1,
    "self": 0.004213800000002266,
    "children": {
        "run_training.setup": {
            "total": 0.024466600000000005,
            "count": 1,
            "self": 0.024466600000000005
        },
        "TrainerController.start_learning": {
            "total": 181.3394598,
            "count": 1,
            "self": 0.3644294000019386,
            "children": {
                "TrainerController._reset_env": {
                    "total": 9.2470263,
                    "count": 1,
                    "self": 9.2470263
                },
                "TrainerController.advance": {
                    "total": 171.66754669999804,
                    "count": 22004,
                    "self": 0.3158083999975645,
                    "children": {
                        "env_step": {
                            "total": 135.8566432000006,
                            "count": 22004,
                            "self": 124.67293130000094,
                            "children": {
                                "SubprocessEnvManager._take_step": {
                                    "total": 10.95922649999993,
                                    "count": 22005,
                                    "self": 0.8656586000000033,
                                    "children": {
                                        "TorchPolicy.evaluate": {
                                            "total": 10.093567899999927,
                                            "count": 18331,
                                            "self": 10.093567899999927
                                        }
                                    }
                                },
                                "workers": {
                                    "total": 0.2244853999997396,
                                    "count": 22003,
                                    "self": 0.0,
                                    "children": {
                                        "worker_root": {
                                            "total": 138.67399259999993,
                                            "count": 22003,
                                            "is_parallel": true,
                                            "self": 64.5542040000004,
                                            "children": {
                                                "steps_from_proto": {
                                                    "total": 0.0009550999999987653,
                                                    "count": 2,
                                                    "is_parallel": true,
                                                    "self": 0.00021820000000261075,