{
    "name": "root",
    "gauges": {
        "TestBehavior.Policy.Entropy.mean": {
            "value": 1.3937714099884033,
            "min": 1.3937714099884033,
            "max": 1.4162946939468384,
            "count": 6
        },
        "TestBehavior.Policy.Entropy.sum": {
            "value": 69577.0703125,
            "min": 69577.0703125,
            "max": 71052.6484375,
            "count": 6
        },
        "TestBehavior.Environment.EpisodeLength.mean": {
            "value": 61.256218905472636,
            "min": 41.5736170212766,
            "max": 212.5631067961165,
            "count": 6
        },
        "TestBehavior.Environment.EpisodeLength.sum": {
            "value": 49250.0,
            "min": 43788.0,
            "max": 55830.0,
            "count": 6
        },
        "TestBehavior.Step.mean": {
            "value": 299977.0,
            "min": 49980.0,
            "max": 299977.0,
            "count": 6
        },
        "TestBehavior.Step.sum": {
            "value": 299977.0,
            "min": 49980.0,
            "max": 299977.0,
            "count": 6
        },
        "TestBehavior.Policy.ExtrinsicValueEstimate.mean": {
            "value": 5.169409275054932,
            "min": -1.9055287837982178,
            "max": 5.169409275054932,
            "count": 6
        },
        "TestBehavior.Policy.ExtrinsicValueEstimate.sum": {
            "value": 5593.30078125,
            "min": -2237.0908203125,
            "max": 5593.30078125,
            "count": 6
        },
        "TestBehavior.Environment.CumulativeReward.mean": {
            "value": 10.0,
            "min": -2.0,
            "max": 10.0,
            "count": 6
        },
        "TestBehavior.Environment.CumulativeReward.sum": {
            "value": 8040.0,
            "min": -2348.0,
            "max": 8040.0,
            "count": 6
        },
        "TestBehavior.Policy.ExtrinsicReward.mean": {
            "value": 10.0,
            "min": -2.0,
            "max": 10.0,
            "count": 6
        },
        "TestBehavior.Policy.ExtrinsicReward.sum": {
            "value": 8040.0,
            "min": -2348.0,
            "max": 8040.0,
            "count": 6
        },
        "TestBehavior.Losses.PolicyLoss.mean": {
            "value": 0.026022388027049603,
            "min": 0.022213184655023123,
            "max": 0.026022388027049603,
            "count": 6
        },
        "TestBehavior.Losses.PolicyLoss.sum": {
            "value": 0.13011194013524802,
            "min": 0.10265884692780675,
            "max": 0.13011194013524802,
            "count": 6
        },
        "TestBehavior.Losses.ValueLoss.mean": {
            "value": 0.8722670617699622,
            "min": 0.0030475412813636164,
            "max": 2.292976190391928,
            "count": 6
        },
        "TestBehavior.Losses.ValueLoss.sum": {
            "value": 4.361335308849811,
            "min": 0.015237706406818083,
            "max": 11.464880951959639,
            "count": 6
        },
        "TestBehavior.Policy.LearningRate.mean": {
            "value": 0.00013352993549003997,
            "min": 0.00013352993549003997,
            "max": 0.00028459380513539995,
            "count": 6
        },
        "TestBehavior.Policy.LearningRate.sum": {
            "value": 0.0006676496774501999,
            "min": 0.0006676496774501999,
            "max": 0.0012842064719311998,
            "count": 6
        },
        "TestBehavior.Policy.Epsilon.mean": {
            "value": 0.14450996000000005,
            "min": 0.14450996000000005,
            "max": 0.1948646,
            "count": 6
        },
        "TestBehavior.Policy.Epsilon.sum": {
            "value": 0.7225498000000002,
            "min": 0.7225498000000002,
            "max": 0.9280688,
            "count": 6
        },
        "TestBehavior.Policy.Beta.mean": {
            "value": 0.0022310470040000003,
            "min": 0.0022310470040000003,
            "max": 0.0047437435399999995,
            "count": 6
        },
        "TestBehavior.Policy.Beta.sum": {
            "value": 0.011155235020000001,
            "min": 0.011155235020000001,
            "max": 0.02141063312,
            "count": 6
        },
        "TestBehavior.IsTraining.mean": {
            "value": 1.0,
            "min": 1.0,
            "max": 1.0,
            "count": 6
        },
        "TestBehavior.IsTraining.sum": {
            "value": 1.0,
            "min": 1.0,
            "max": 1.0,
            "count": 6
        }
    },
    "metadata": {
        "timer_format_version": "0.1.0",
        "start_time_seconds": "1697584963",
        "python_version": "3.9.13 (tags/v3.9.13:6de2ca5, May 17 2022, 16:36:42) [MSC v.1929 64 bit (AMD64)]",
        "command_line_arguments": "C:\\Users\\nikol\\Unity_Projects\\MlAgents\\venv\\Scripts\\mlagents-learn --run-id=test7",
        "mlagents_version": "0.30.0",
        "mlagents_envs_version": "0.30.0",
        "communication_protocol_version": "1.5.0",
        "pytorch_version": "2.1.0+cpu",
        "numpy_version": "1.21.2",
        "end_time_seconds": "1697585214"
    },
    "total": 251.56249880000001,
    "count": 1,
    "self": 0.003983800000014526,
    "children": {
        "run_training.setup": {
            "total": 0.02468680000000001,
            "count": 1,
            "self": 0.02468680000000001
        },
        "TrainerController.start_learning": {
            "total": 251.5338282,
            "count": 1,
            "self": 0.5924685999991937,
            "children": {
                "TrainerController._reset_env": {
                    "total": 9.722607799999999,
                    "count": 1,
                    "self": 9.722607799999999
                },
                "TrainerController.advance": {
                    "total": 241.1585291000008,
                    "count": 35881,
                    "self": 0.5397378000025697,
                    "children": {
                        "env_step": {
                            "total": 178.60895139999815,
                            "count": 35881,
                            "self": 158.35773519999933,
                            "children": {
                                "SubprocessEnvManager._take_step": {
                                    "total": 19.870116999999638,
                                    "count": 35881,
                                    "self": 1.5925337999986482,
                                    "children": {
                                        "TorchPolicy.evaluate": {
                                            "total": 18.27758320000099,
                                            "count": 32244,
                                            "self": 18.27758320000099
                                        }
                                    }
                                },
                                "workers": {
                                    "total": 0.3810991999991771,
                                    "count": 35880,
                                    "self": 0.0,
                                    "children": {
                                        "worker_root": {
                                            "total": 233.60109109999786,
                                            "count": 35880,
                                            "is_parallel": true,
                                            "self": 112.42666239999971,
                                            "children": {
                                                "steps_from_proto": {
                                                    "total": 0.00043559999999942534,
                                                    "count": 1,
                                                    "is_parallel": true,
                                                    "self": 0.00012489999999587553,