{
    "name": "root",
    "gauges": {
        "TestBehavior.Policy.Entropy.mean": {
            "value": 1.3791797161102295,
            "min": 1.3791797161102295,
            "max": 1.4190456867218018,
            "count": 10
        },
        "TestBehavior.Policy.Entropy.sum": {
            "value": 69069.3203125,
            "min": 68992.8671875,
            "max": 71264.4765625,
            "count": 10
        },
        "TestBehavior.Step.mean": {
            "value": 499998.0,
            "min": 49942.0,
            "max": 499998.0,
            "count": 10
        },
        "TestBehavior.Step.sum": {
            "value": 499998.0,
            "min": 49942.0,
            "max": 499998.0,
            "count": 10
        },
        "TestBehavior.Policy.ExtrinsicValueEstimate.mean": {
            "value": 23.763051986694336,
            "min": 3.1081225872039795,
            "max": 23.763051986694336,
            "count": 10
        },
        "TestBehavior.Policy.ExtrinsicValueEstimate.sum": {
            "value": 20317.41015625,
            "min": 2520.6875,
            "max": 24865.39453125,
            "count": 10
        },
        "TestBehavior.Environment.EpisodeLength.mean": {
            "value": 115.88,
            "min": 115.88,
            "max": 2277.75,
            "count": 10
        },
        "TestBehavior.Environment.EpisodeLength.sum": {
            "value": 49249.0,
            "min": 18222.0,
            "max": 82271.0,
            "count": 10
        },
        "TestBehavior.Environment.CumulativeReward.mean": {
            "value": 45.06588235294117,
            "min": -13.647727272727273,
            "max": 45.06588235294117,
            "count": 10
        },
        "TestBehavior.Environment.CumulativeReward.sum": {
            "value": 19153.0,
            "min": -1201.0,
            "max": 19153.0,
            "count": 10
        },
        "TestBehavior.Policy.ExtrinsicReward.mean": {
            "value": 45.06588235294117,
            "min": -13.647727272727273,
            "max": 45.06588235294117,
            "count": 10
        },
        "TestBehavior.Policy.ExtrinsicReward.sum": {
            "value": 19153.0,
            "min": -1201.0,
            "max": 19153.0,
            "count": 10
        },
        "TestBehavior.Losses.PolicyLoss.mean": {
            "value": 0.0250104795039321,
            "min": 0.021018103542737664,
            "max": 0.025211458858102564,
            "count": 10
        },
        "TestBehavior.Losses.PolicyLoss.sum": {
            "value": 0.1250523975196605,
            "min": 0.09488282196689396,
            "max": 0.12605729429051282,
            "count": 10
        },
        "TestBehavior.Losses.ValueLoss.mean": {
            "value": 0.3427330834666888,
            "min": 0.31462530146042506,
            "max": 5.798669598897298,
            "count": 10
        },
        "TestBehavior.Losses.ValueLoss.sum": {
            "value": 1.713665417333444,
            "min": 1.5693079193433124,
            "max": 28.99334799448649,
            "count": 10
        },
        "TestBehavior.Policy.LearningRate.mean": {
            "value": 1.6138774620439997e-05,
            "min": 1.6138774620439997e-05,
            "max": 0.00028458450513849993,
            "count": 10
        },
        "TestBehavior.Policy.LearningRate.sum": {
            "value": 8.069387310219998e-05,
            "min": 8.069387310219998e-05,
            "max": 0.0012839556720147997,
            "count": 10
        },
        "TestBehavior.Policy.Epsilon.mean": {
            "value": 0.10537956,
            "min": 0.10537956,
            "max": 0.19486150000000005,
            "count": 10
        },
        "TestBehavior.Policy.Epsilon.sum": {
            "value": 0.5268978,
            "min": 0.49956880000000004,
            "max": 0.9279852000000003,
            "count": 10
        },
        "TestBehavior.Policy.Beta.mean": {
            "value": 0.00027844004399999996,
            "min": 0.00027844004399999996,
            "max": 0.004743588849999999,
            "count": 10
        },
        "TestBehavior.Policy.Beta.sum": {
            "value": 0.0013922002199999997,
            "min": 0.0013922002199999997,
            "max": 0.02140646148,
            "count": 10
        },
        "TestBehavior.IsTraining.mean": {
            "value": 1.0,
            "min": 1.0,
            "max": 1.0,
            "count": 10
        },
        "TestBehavior.IsTraining.sum": {
            "value": 1.0,
            "min": 1.0,
            "max": 1.0,
            "count": 10
        }
    },
    "metadata": {
        "timer_format_version": "0.1.0",
        "start_time_seconds": "1697741526",
        "python_version": "3.9.13 (tags/v3.9.13:6de2ca5, May 17 2022, 16:36:42) [MSC v.1929 64 bit (AMD64)]",
        "command_line_arguments": "C:\\Users\\nikol\\Unity_Projects\\MlAgents\\venv\\Scripts\\mlagents-learn --run-id=newtest3",
        "mlagents_version": "0.30.0",
        "mlagents_envs_version": "0.30.0",
        "communication_protocol_version": "1.5.0",
        "pytorch_version": "2.1.0+cpu",
        "numpy_version": "1.21.2",
        "end_time_seconds": "1697741966"
    },
    "total": 439.4140201,
    "count": 1,
    "self": 0.005312800000012885,
    "children": {
        "run_training.setup": {
            "total": 0.02378170000000024,
            "count": 1,
            "self": 0.02378170000000024
        },
        "TrainerController.start_learning": {
            "total": 439.38492560000003,
            "count": 1,
            "self": 0.9616253999975584,
            "children": {
                "TrainerController._reset_env": {
                    "total": 7.0450044,
                    "count": 1,
                    "self": 7.0450044
                },
                "TrainerController.advance": {
                    "total": 431.34918570000247,
                    "count": 51786,
                    "self": 0.8841765000095734,
                    "children": {
                        "env_step": {
                            "total": 329.6830706999974,
                            "count": 51786,
                            "self": 295.39779190000655,
                            "children": {
                                "SubprocessEnvManager._take_step": {
                                    "total": 33.680193700000764,
                                    "count": 51786,
                                    "self": 2.6992081000017514,
                                    "children": {
                                        "TorchPolicy.evaluate": {
                                            "total": 30.980985599999013,
                                            "count": 50028,
                                            "self": 30.980985599999013
                                        }
                                    }
                                },
                                "workers": {
                                    "total": 0.6050850999901023,
                                    "count": 51786,
                                    "self": 0.0,
                                    "children": {
                                        "worker_root": {
                                            "total": 431.1996208000033,
                                            "count": 51786,
                                            "is_parallel": true,
                                            "self": 184.81664860000714,
                                            "children": {
                                                "steps_from_proto": {
                                                    "total": 0.0005079999999999529,
                                                    "count": 1,
                                                    "is_parallel": true,
                                                    "self": 0.00010250000000056048,